match_idx	conversation_id	conversation_idx	input_tokens	output_tokens	cached_tokens	ttft_client_ms	itl_client_ms	elapsed_client_ms	ttft_server_ms	proxy_to_ctx_ms	ctx_preproc_ms	ctx_queue_ms	ctx_prefill_ms	ctx_postproc_ms	relay_hop_ms	gen_preproc_ms	gen_queue_ms	gen_first_decode_ms	gen_postproc_ms	proxy_to_client_ms	kv_transfer_ctx_ms	kv_transfer_gen_ms	ctx_gpu_forward_ms	ctx_gpu_sample_ms	ctx_prefill_host_ms	ctx_decode_ms	gen_decode_ms	end_to_end_ms	kv_cache_mb	kv_transfer_gen_GBps	ctx_first_iter	ctx_last_iter	gen_first_iter	gen_last_iter	ctx_kv_blocks_total	ctx_kv_blocks_new	ctx_kv_blocks_reused	ctx_kv_blocks_missed	ctx_kv_block_reuse_ratio	gen_kv_blocks_total	gen_kv_blocks_new	gen_kv_blocks_reused	gen_kv_blocks_missed	gen_kv_block_reuse_ratio
0	aa-rwlt-coding-agent-056	0	9576	85	0	2281.767	2.626	2345.856	287.317	0.829	10.579	4.343	38.325	105.718	4.546	1.350	18.537	5.570	96.975	0.545		12.267				0.000	92.112	287.317	13.406	1.093	3.000	3.000	44.000	66.000	11.000	11.000	300.000	10.000	0.968	11.000	11.000	300.000	10.000	0.968
1	aa-rwlt-coding-agent-056	1	9889	39	9576	291.396	0.039	292.379	318.437	0.744	6.938	3.963	33.252	129.947	3.843	1.341	11.943	5.618	120.350	0.498		4.967				0.000	54.882	318.437	2.438	0.491	5.000	5.000	69.000	82.000	2.000	2.000	310.000	1.000	0.997	2.000	2.000	310.000	1.000	0.997
2	aa-rwlt-coding-agent-056	2	9944	34	9889	322.855	0.010	323.242	314.858	0.785	8.645	5.172	61.249	103.355	4.299	1.668	26.260	6.480	96.444	0.501		20.100				0.000	101.185	314.858	132.844	6.609	7.000	7.000	85.000	109.000	109.000	109.000	311.000	108.000	0.742	109.000	109.000	311.000	108.000	0.742
3	aa-rwlt-coding-agent-056	3	13401	55	9944	319.828	0.248	325.433	131.830	0.933	10.113	5.849	67.138	2.422	4.923	1.748	34.927	5.795	-2.500	0.482		27.846				0.000	92.793	131.830	123.094	4.421	9.000	9.000	112.000	133.000	101.000	101.000	419.000	100.000	0.807	101.000	101.000	419.000	100.000	0.807
4	aa-rwlt-coding-agent-056	4	16595	58	13401	219.866	0.476	233.014	454.583	1.127	16.744	9.932	240.770	3.082	7.791	3.136	168.109	6.425	-3.036	0.503		156.589				0.000	1545.276	454.583	592.312	3.783	11.000	11.000	136.000	477.000	486.000	486.000	519.000	485.000	0.517	486.000	486.000	519.000	485.000	0.517
5	aa-rwlt-coding-agent-056	5	32113	928	16595	544.815	1.729	2012.666	138.327	1.416	17.223	9.489	36.817	2.250	7.584	2.622	57.059	5.964	-2.584	0.487		45.616				0.000	918.119	138.327	19.500	0.427	13.000	13.000	480.000	681.000	16.000	16.000	1004.000	15.000	0.985	16.000	16.000	1004.000	15.000	0.985
6	aa-rwlt-coding-agent-056	6	32593	514	32113	230.034	1.858	1066.421	224.302	1.370	18.148	10.100	82.994	2.447	8.111	2.648	95.315	5.990	-3.309	0.488		84.102				0.000	1170.747	224.302	118.219	1.406	15.000	15.000	684.000	942.000	97.000	97.000	1019.000	96.000	0.914	97.000	97.000	1019.000	96.000	0.914
7	aa-rwlt-coding-agent-056	7	35650	674	32593	316.156	1.798	1405.888	873.335	1.476	25.195	15.357	403.299	2.170	12.016	4.014	406.399	6.082	-3.150	0.477		390.237				0.000	2471.823	873.335	704.438	1.805	17.000	17.000	945.000	1499.000	578.000	578.000	1115.000	577.000	0.659	578.000	578.000	1115.000	577.000	0.659
8	aa-rwlt-coding-agent-056	8	54132	1504	35650	963.868	1.678	3356.566	490.524	1.518	25.688	15.688	53.217	2.717	11.574	3.813	372.429	6.706	-3.314	0.488		355.778				0.000	74.485	490.524	26.812	0.075	19.000	19.000	1502.000	1519.000	22.000	22.000	1692.000	21.000	0.988	22.000	22.000	1692.000	21.000	0.988
9	aa-rwlt-coding-agent-056	9	54807	50	54132	576.226	0.004	576.597	467.792	1.389	26.135	14.956	31.494	2.244	11.449	4.057	372.693	6.003	-3.163	0.535		356.980				0.000	92.305	467.792	3.656	0.010	21.000	21.000	1522.000	1543.000	3.000	3.000	1713.000	2.000	0.999	3.000	3.000	1713.000	2.000	0.999
10	aa-rwlt-coding-agent-056	10	54874	60	54807	557.910	0.350	571.128	470.082	1.419	26.588	14.540	32.627	2.856	11.362	3.802	373.731	6.225	-3.613	0.545		357.968				0.000	91.919	470.082	4.875	0.014	23.000	23.000	1546.000	1567.000	4.000	4.000	1715.000	3.000	0.998	4.000	4.000	1715.000	3.000	0.998
11	aa-rwlt-coding-agent-056	11	54966	47	54874	560.507	0.497	573.698	445.169	1.493	26.728	15.217	37.701	2.094	11.957	4.110	341.425	5.882	-1.959	0.521		325.577				0.000	110.260	445.169	12.188	0.037	25.000	25.000	1570.000	1595.000	10.000	10.000	1718.000	9.000	0.995	10.000	10.000	1718.000	9.000	0.995
12	aa-rwlt-coding-agent-056	12	55235	63	54966	534.701	1.139	565.724	448.078	1.479	27.288	15.081	40.971	2.971	11.564	3.850	341.523	6.073	-3.257	0.535		325.617				0.000	119.668	448.078	8.531	0.026	27.000	27.000	1598.000	1625.000	7.000	7.000	1727.000	6.000	0.997	7.000	7.000	1727.000	6.000	0.997
13	aa-rwlt-coding-agent-056	13	55437	69	55235	539.839	0.872	579.339	411.248	1.453	27.503	15.005	35.693	2.149	11.829	3.854	310.807	5.820	-3.333	0.468		294.820				0.000	1400.691	411.248	17.062	0.058	29.000	29.000	1628.000	1943.000	14.000	14.000	1733.000	13.000	0.993	14.000	14.000	1733.000	13.000	0.993
14	aa-rwlt-coding-agent-056	14	55843	991	55437	502.507	1.409	1824.471	381.267	1.861	27.872	15.192	37.886	2.125	11.718	3.948	277.360	6.119	-3.285	0.471		261.231				0.000	2947.281	381.267	9.750	0.037	31.000	31.000	1946.000	2605.000	8.000	8.000	1746.000	7.000	0.996	8.000	8.000	1746.000	7.000	0.996
15	aa-rwlt-coding-agent-056	15	56088	1886	55843	473.735	1.576	3341.000	408.188	1.726	28.968	15.337	67.409	5.460	12.022	4.244	265.822	6.183	0.653	0.364		248.832				0.000	88.563	408.188	40.219	0.162	33.000	33.000	2608.000	2628.000	33.000	33.000	1753.000	32.000	0.982	33.000	33.000	1753.000	32.000	0.982
16	aa-rwlt-coding-agent-056	16	57114	52	56088	496.503	0.302	505.260	337.949	1.524	29.229	15.524	33.136	2.588	11.985	4.493	236.424	6.254	-3.571	0.363		219.648				0.000	348.326	337.949	20.719	0.094	35.000	35.000	2631.000	2710.000	17.000	17.000	1785.000	16.000	0.991	17.000	17.000	1785.000	16.000	0.991
17	aa-rwlt-coding-agent-056	17	57617	189	57114	430.193	1.946	699.168	425.782	1.591	30.784	16.103	96.242	2.471	12.635	4.290	258.496	6.010	-3.316	0.476		241.178				0.000	75.598	425.782	96.281	0.399	37.000	37.000	2713.000	2730.000	79.000	79.000	1801.000	78.000	0.958	79.000	79.000	1801.000	78.000	0.958
18	aa-rwlt-coding-agent-056	18	60102	49	57617	514.353	0.005	514.704	329.170	1.650	30.836	16.158	35.776	2.545	12.510	4.261	221.043	5.934	-1.920	0.377		203.922				0.000	261.849	329.170	6.094	0.030	39.000	39.000	2733.000	2792.000	5.000	5.000	1879.000	4.000	0.998	5.000	5.000	1879.000	4.000	0.998
19	aa-rwlt-coding-agent-056	19	60225	135	60102	420.158	2.308	602.766	298.592	1.648	31.242	16.383	39.051	2.570	12.489	4.188	187.160	6.971	-3.476	0.366		170.126				0.000	119.839	298.592	7.312	0.043	41.000	41.000	2795.000	2822.000	6.000	6.000	1883.000	5.000	0.997	6.000	6.000	1883.000	5.000	0.997
20	aa-rwlt-coding-agent-056	20	60393	63	60225	391.963	2.088	431.908	288.139	1.631	31.608	16.198	25.501	2.734	12.565	4.156	189.686	5.823	-2.145	0.382		172.457				0.000	475.089	288.139	3.656	0.021	43.000	43.000	2825.000	2932.000	3.000	3.000	1888.000	2.000	0.999	3.000	3.000	1888.000	2.000	0.999
21	aa-rwlt-coding-agent-056	21	60464	247	60393	379.950	2.017	775.626	288.916	1.674	32.084	16.103	25.841	2.694	12.488	4.280	191.026	5.912	-3.565	0.379		173.992				0.000	571.925	288.916	4.875	0.028	45.000	45.000	2935.000	3062.000	4.000	4.000	1890.000	3.000	0.998	4.000	4.000	1890.000	3.000	0.998
22	aa-rwlt-coding-agent-056	22	60553	455	60464	383.208	1.201	874.866	345.225	1.813	33.338	16.251	71.040	2.658	12.744	4.337	200.139	6.196	-3.677	0.386		182.382				0.000	180.979	345.225	49.969	0.274	47.000	47.000	3065.000	3106.000	41.000	41.000	1893.000	40.000	0.979	41.000	41.000	1893.000	40.000	0.979
23	aa-rwlt-coding-agent-056	23	61855	97	60553	439.746	2.396	540.683	307.101	1.873	34.332	16.886	37.578	2.640	13.035	4.546	191.658	5.898	-1.747	0.402		173.648				0.000	336.940	307.101	8.531	0.049	49.000	49.000	3109.000	3185.000	8.000	8.000	1933.000	7.000	0.996	7.000	7.000	1934.000	6.000	0.997
24	aa-rwlt-coding-agent-056	24	62077	214	61855	399.667	1.521	657.023	301.891	1.956	33.555	16.858	30.977	2.664	13.096	4.456	194.996	6.115	-3.269	0.487		176.980				0.000	100.974	301.891	8.531	0.048	51.000	51.000	3188.000	3211.000	8.000	8.000	1940.000	7.000	0.996	7.000	7.000	1940.000	7.000	0.996
25	aa-rwlt-coding-agent-056	25	62288	54	62077	396.449	0.620	417.830	312.443	1.917	33.724	16.556	39.986	2.565	13.262	4.435	195.813	5.848	-2.060	0.397		178.041				0.000	331.715	312.443	12.188	0.068	53.000	53.000	3214.000	3289.000	10.000	10.000	1947.000	9.000	0.995	10.000	10.000	1947.000	9.000	0.995
26	aa-rwlt-coding-agent-056	26	62589	181	62288	405.520	1.970	658.027	361.396	1.904	34.446	16.463	62.800	2.649	13.201	4.710	222.205	5.862	-3.306	0.462		203.822				0.000	208.184	361.396	41.438	0.203	55.000	55.000	3292.000	3339.000	35.000	35.000	1956.000	34.000	0.983	34.000	34.000	1956.000	34.000	0.983
27	aa-rwlt-coding-agent-056	27	63650	109	62589	455.537	2.571	584.363	342.569	1.929	34.740	16.884	36.900	3.072	13.253	4.571	226.957	5.986	-2.091	0.368		208.845				0.000	185.560	342.569	13.406	0.064	57.000	57.000	3342.000	3384.000	11.000	11.000	1990.000	10.000	0.995	11.000	11.000	1990.000	10.000	0.995
28	aa-rwlt-coding-agent-056	28	63979	102	63650	435.673	2.531	542.273	306.675	1.952	35.184	17.144	36.782	2.583	13.214	4.518	192.322	5.830	-3.242	0.388		174.461				0.000	372.429	306.675	6.094	0.035	59.000	59.000	3387.000	3471.000	5.000	5.000	2000.000	4.000	0.998	5.000	5.000	2000.000	4.000	0.998
29	aa-rwlt-coding-agent-056	29	64118	199	63979	401.814	2.048	694.936	386.322	1.993	36.177	17.345	75.680	2.666	13.423	4.642	230.078	5.996	-2.144	0.466		211.471				0.000	5176.848	386.322	57.281	0.271	61.000	61.000	3474.000	4623.000	47.000	47.000	2004.000	46.000	0.978	47.000	47.000	2004.000	46.000	0.978
30	aa-rwlt-coding-agent-056	30	65599	3457	64118	482.109	1.502	5578.729	341.999	2.535	37.772	19.048	33.102	2.959	13.751	4.981	224.531	6.027	-3.214	0.507		205.283				0.000	743.541	341.999	15.844	0.077	63.000	63.000	4626.000	4792.000	14.000	14.000	2050.000	13.000	0.994	13.000	13.000	2051.000	12.000	0.994
31	aa-rwlt-coding-agent-056	31	66006	494	65599	439.022	1.543	1101.417	327.061	2.175	37.560	17.678	35.054	2.697	13.646	4.677	210.667	5.852	-3.306	0.361		191.767				0.000	102.433	327.061	9.750	0.051	65.000	65.000	4795.000	4818.000	8.000	8.000	2063.000	7.000	0.997	8.000	8.000	2063.000	7.000	0.997
32	aa-rwlt-coding-agent-056	32	66231	67	66006	423.933	0.762	445.557	328.480	2.027	37.678	17.934	29.521	2.636	13.697	4.778	215.543	6.032	-1.858	0.492		196.882				0.000	191.085	328.480	4.875	0.025	67.000	67.000	4821.000	4864.000	4.000	4.000	2070.000	3.000	0.999	4.000	4.000	2070.000	3.000	0.999
33	aa-rwlt-coding-agent-056	33	66327	156	66231	423.561	0.811	534.082	375.262	2.104	38.486	17.776	56.340	2.221	13.796	4.852	234.473	7.085	-2.480	0.609		215.428				0.000	1687.905	375.262	31.688	0.147	69.000	69.000	4867.000	5243.000	27.000	27.000	2073.000	26.000	0.988	26.000	26.000	2074.000	25.000	0.988
34	aa-rwlt-coding-agent-056	34	67151	994	66327	471.703	1.734	2079.470	395.983	2.247	40.618	18.559	64.238	2.769	13.983	4.800	244.907	6.098	-2.604	0.368		225.635				0.000	382.300	395.983	43.875	0.194	71.000	71.000	5246.000	5332.000	36.000	36.000	2099.000	35.000	0.984	36.000	36.000	2099.000	35.000	0.984
35	aa-rwlt-coding-agent-056	35	68257	192	67151	491.268	2.261	794.551	355.831	2.086	39.251	17.870	36.176	2.658	13.986	4.992	235.280	6.412	-3.242	0.362		216.314				0.000	453.784	355.831	15.844	0.073	73.000	73.000	5335.000	5436.000	13.000	13.000	2134.000	12.000	0.994	13.000	13.000	2134.000	12.000	0.994
36	aa-rwlt-coding-agent-056	36	68647	321	68257	453.494	1.503	826.491	403.785	2.152	39.587	18.159	64.576	2.732	14.055	5.126	253.625	5.965	-2.654	0.462		225.683				0.000	188.556	403.785	41.438	0.184	75.000	75.000	5439.000	5481.000	34.000	34.000	2146.000	33.000	0.985	34.000	34.000	2146.000	33.000	0.985
37	aa-rwlt-coding-agent-056	37	69717	118	68647	500.821	2.078	609.165	382.256	2.163	40.345	18.227	52.116	2.571	14.185	5.016	241.771	6.944	-1.714	0.632		222.065				0.000	372.042	382.256	28.031	0.126	77.000	77.000	5484.000	5566.000	23.000	23.000	2179.000	22.000	0.990	23.000	23.000	2179.000	22.000	0.990
38	aa-rwlt-coding-agent-056	38	70420	205	69717	479.163	2.003	769.863	474.639	2.236	41.484	18.720	88.115	2.790	14.776	5.120	296.985	7.247	-3.372	0.538		276.731				0.000	374.956	474.639	67.031	0.242	79.000	79.000	5569.000	5653.000	55.000	55.000	2201.000	54.000	0.976	55.000	55.000	2201.000	54.000	0.976
39	aa-rwlt-coding-agent-056	39	72148	219	70420	571.832	1.954	867.259	576.813	2.392	43.086	19.699	111.286	2.348	15.156	5.300	373.662	6.045	-2.628	0.467		352.663				0.000	116.909	576.813	104.812	0.297	81.000	81.000	5656.000	5682.000	86.000	86.000	2255.000	85.000	0.964	86.000	86.000	2255.000	85.000	0.964
40	aa-rwlt-coding-agent-056	40	74851	59	72148	674.366	1.447	710.827	424.695	2.345	43.342	19.452	32.844	3.184	15.149	5.313	299.175	6.223	-2.689	0.357		278.522				0.000	586.133	424.695	12.188	0.044	83.000	83.000	5685.000	5815.000	10.000	10.000	2340.000	9.000	0.996	10.000	10.000	2340.000	9.000	0.996
41	aa-rwlt-coding-agent-056	41	75146	309	74851	523.218	2.046	1028.899	399.393	2.376	43.790	19.347	35.882	2.363	15.237	5.242	270.082	6.912	-2.375	0.537		248.562				0.000	95.103	399.393	8.531	0.034	85.000	85.000	5818.000	5839.000	7.000	7.000	2349.000	6.000	0.997	7.000	7.000	2349.000	6.000	0.997
42	aa-rwlt-coding-agent-056	42	75343	53	75146	498.584	0.457	512.124	441.185	2.461	44.278	20.340	56.157	3.382	15.821	5.581	288.639	6.610	-2.561	0.477		267.518				0.000	99.147	441.185	24.375	0.091	87.000	87.000	5842.000	5864.000	20.000	20.000	2355.000	19.000	0.992	20.000	20.000	2355.000	19.000	0.992
43	aa-rwlt-coding-agent-056	43	75967	54	75343	540.475	0.803	558.397	400.787	2.403	44.682	19.627	32.645	2.540	15.463	5.459	273.504	6.487	-2.549	0.526		252.226				0.000	194.167	400.787	3.656	0.014	89.000	89.000	5867.000	5910.000	4.000	4.000	2374.000	3.000	0.999	3.000	3.000	2375.000	2.000	0.999
44	aa-rwlt-coding-agent-056	44	76050	98	75967	499.825	2.507	612.920	400.609	2.459	44.740	19.725	29.376	2.743	15.606	5.287	275.580	7.271	-2.708	0.530		253.445				0.000	243.512	400.609	4.875	0.019	91.000	91.000	5913.000	5967.000	4.000	4.000	2377.000	3.000	0.999	4.000	4.000	2377.000	3.000	0.999
45	aa-rwlt-coding-agent-056	45	76138	129	76050	500.292	2.466	663.294	444.265	2.436	45.165	19.947	58.425	2.678	15.432	5.522	290.339	6.433	-2.582	0.470		268.216				0.000	80.666	444.265	21.938	0.082	93.000	93.000	5970.000	5988.000	18.000	18.000	2380.000	17.000	0.993	18.000	18.000	2380.000	17.000	0.993
46	aa-rwlt-coding-agent-056	46	76678	48	76138	543.553	0.004	543.898	417.098	2.467	45.890	19.749	30.498	2.642	15.408	5.717	290.833	6.022	-2.600	0.472		269.721				0.000	81.347	417.098	4.875	0.018	95.000	95.000	5991.000	6009.000	4.000	4.000	2397.000	3.000	0.999	4.000	4.000	2397.000	3.000	0.999
47	aa-rwlt-coding-agent-056	47	76790	52	76678	517.753	0.003	518.103	436.792	2.476	45.848	19.910	38.043	2.854	15.703	5.592	302.272	6.072	-2.503	0.525		280.437				0.000	539.805	436.792	12.188	0.043	97.000	97.000	6012.000	6132.000	10.000	10.000	2400.000	9.000	0.996	10.000	10.000	2400.000	9.000	0.996
48	aa-rwlt-coding-agent-056	48	77075	266	76790	537.506	2.267	995.803	415.574	2.514	46.261	20.139	31.248	2.340	15.629	5.723	287.476	6.732	-2.965	0.477		265.917				0.000	125.809	415.574	4.875	0.018	99.000	99.000	6135.000	6163.000	5.000	5.000	2409.000	4.000	0.998	4.000	4.000	2410.000	3.000	0.999
49	aa-rwlt-coding-agent-056	49	77196	76	77075	516.426	1.279	561.450	423.384	2.497	46.830	20.029	31.146	3.276	15.587	5.568	294.157	6.206	-2.262	0.350		272.542				0.000	80.662	423.384	6.094	0.022	101.000	101.000	6166.000	6184.000	5.000	5.000	2413.000	4.000	0.998	5.000	5.000	2413.000	4.000	0.998
50	aa-rwlt-coding-agent-056	50	77321	47	77196	523.395	0.005	523.720	447.943	2.458	47.531	19.926	44.146	2.756	15.650	5.536	305.697	6.636	-2.863	0.470		284.185				0.000	161.617	447.943	17.062	0.060	103.000	103.000	6187.000	6223.000	14.000	14.000	2417.000	13.000	0.995	14.000	14.000	2417.000	13.000	0.995
51	aa-rwlt-coding-agent-056	51	77751	82	77321	549.688	2.677	630.242	442.520	2.528	47.822	20.034	35.555	2.796	15.671	5.438	307.513	6.294	-1.639	0.508		285.683				0.000	116.793	442.520	8.531	0.030	105.000	105.000	6226.000	6252.000	7.000	7.000	2430.000	6.000	0.998	7.000	7.000	2430.000	6.000	0.998
52	aa-rwlt-coding-agent-056	52	77932	71	77751	541.841	1.387	578.186	430.319	2.543	48.100	20.244	33.631	2.808	15.713	5.959	297.136	6.069	-2.364	0.480		275.331				0.000	339.157	430.319	12.188	0.044	107.000	107.000	6255.000	6330.000	10.000	10.000	2436.000	9.000	0.996	10.000	10.000	2436.000	9.000	0.996
53	aa-rwlt-coding-agent-056	53	78226	211	77932	531.557	2.098	789.853	433.698	2.686	48.774	20.896	31.772	2.877	15.852	5.677	300.558	6.863	-2.842	0.585		278.316				0.000	113.141	433.698	6.094	0.022	109.000	109.000	6333.000	6358.000	5.000	5.000	2445.000	4.000	0.998	5.000	5.000	2445.000	4.000	0.998
54	aa-rwlt-coding-agent-056	54	78348	59	78226	536.234	1.491	567.832	442.699	2.583	48.946	20.190	35.156	2.828	15.579	5.674	306.379	6.514	-1.614	0.464		284.400				0.000	85.944	442.699	7.312	0.026	111.000	111.000	6361.000	6380.000	6.000	6.000	2449.000	5.000	0.998	6.000	6.000	2449.000	5.000	0.998
55	aa-rwlt-coding-agent-056	55	78507	58	78348	543.794	0.144	548.379	450.969	2.597	49.848	20.656	47.516	3.384	15.905	5.878	301.150	6.295	-2.735	0.475		279.436				0.000	100.019	450.969	14.625	0.052	113.000	113.000	6383.000	6405.000	12.000	12.000	2454.000	11.000	0.996	12.000	12.000	2454.000	11.000	0.996
56	aa-rwlt-coding-agent-056	56	78870	58	78507	554.060	0.608	571.973	502.471	2.748	50.146	31.624	59.823	2.941	16.271	6.157	328.644	6.379	-2.802	0.540		305.995				0.000	232.189	502.471	39.000	0.127	115.000	115.000	6408.000	6459.000	32.000	32.000	2465.000	31.000	0.988	32.000	32.000	2465.000	31.000	0.988
57	aa-rwlt-coding-agent-056	57	79846	152	78870	606.239	1.428	756.451	515.649	2.745	52.762	31.790	55.902	2.906	16.480	6.213	343.496	6.662	-3.849	0.542		320.726				0.000	1405.780	515.649	37.781	0.118	117.000	117.000	6462.000	6773.000	31.000	31.000	2496.000	30.000	0.988	31.000	31.000	2496.000	30.000	0.988
58	aa-rwlt-coding-agent-056	58	80821	818	79846	619.078	1.723	1944.418	528.802	3.098	51.951	31.878	61.205	3.128	16.507	6.020	349.858	6.974	-2.321	0.504		327.302				0.000	108.982	528.802	31.688	0.097	119.000	119.000	6776.000	6800.000	26.000	26.000	2526.000	25.000	0.990	26.000	26.000	2526.000	25.000	0.990
59	aa-rwlt-coding-agent-056	59	81604	71	80821	632.013	0.666	659.615	496.112	2.744	52.133	31.926	30.633	2.892	16.655	6.094	348.820	6.259	-2.510	0.466		325.727				0.000	226.099	496.112	3.656	0.011	121.000	121.000	6803.000	6853.000	3.000	3.000	2551.000	2.000	0.999	3.000	3.000	2551.000	2.000	0.999
60	aa-rwlt-coding-agent-056	60	81687	117	81604	598.928	3.303	744.571	141.541	0.683	7.014	6.281	95.666	2.411	3.898	1.231	21.329	5.523	-2.959	0.464		6.342				0.000	99.887	141.541	354.656	55.922	123.000	123.000	6856.000	6880.000	291.000	291.000	65.000	290.000	0.183	291.000	291.000	65.000	290.000	0.183
61	aa-rwlt-coding-agent-011	0	11332	61	2068	224.221	1.169	249.022	58.368	0.677	7.215	5.710	23.095	2.617	3.678	1.225	10.935	5.566	-2.840	0.490		5.511				0.000	79.079	58.368	19.500	3.538	125.000	125.000	6883.000	6902.000	16.000	16.000	355.000	15.000	0.959	16.000	16.000	355.000	15.000	0.959
62	aa-rwlt-coding-agent-011	1	11834	40	11332	141.069	0.021	144.984	56.718	0.731	7.636	5.683	22.979	2.309	3.741	1.219	9.472	5.456	-2.988	0.480		3.973				0.000	87.294	56.718	7.312	1.841	127.000	127.000	6905.000	6926.000	6.000	6.000	370.000	5.000	0.987	6.000	6.000	370.000	5.000	0.987
63	aa-rwlt-coding-agent-011	2	11976	49	11834	139.785	0.631	152.111	55.003	0.649	7.783	5.643	21.010	2.609	3.790	1.214	8.851	5.480	-2.522	0.496		3.656				0.000	58.667	55.003	3.656	1.000	129.000	129.000	6929.000	6943.000	3.000	3.000	375.000	2.000	0.995	3.000	3.000	375.000	2.000	0.995
64	aa-rwlt-coding-agent-011	3	12047	32	11976	122.211	0.014	123.386	91.213	0.774	8.833	6.482	52.134	2.121	4.120	1.586	12.421	5.756	-3.394	0.380		6.049				0.000	113.894	91.213	91.406	15.111	131.000	131.000	6946.000	6973.000	75.000	75.000	377.000	74.000	0.836	75.000	75.000	377.000	74.000	0.836
65	aa-rwlt-coding-agent-011	4	14406	61	12047	176.559	2.520	214.631	87.363	0.834	10.273	5.083	45.193	2.396	4.471	1.454	14.553	5.940	-3.276	0.442		8.263				0.000	102.312	87.363	74.344	8.997	133.000	133.000	6976.000	7000.000	61.000	61.000	451.000	60.000	0.883	61.000	61.000	451.000	60.000	0.883
66	aa-rwlt-coding-agent-011	5	16331	60	14406	174.530	0.756	199.000	75.496	0.923	10.607	5.371	33.630	1.900	4.511	1.476	14.421	5.639	-3.499	0.517		7.783				0.000	87.798	75.496	20.719	2.662	135.000	135.000	7003.000	7024.000	17.000	17.000	511.000	16.000	0.970	17.000	17.000	511.000	16.000	0.970
67	aa-rwlt-coding-agent-011	6	16847	58	16331	160.414	0.384	173.001	65.068	0.912	11.056	5.404	22.840	1.950	4.593	1.527	14.014	6.032	-3.782	0.522		7.260				0.000	67.126	65.068	15.844	2.182	137.000	137.000	7027.000	7043.000	13.000	13.000	527.000	12.000	0.978	13.000	13.000	527.000	12.000	0.978
68	aa-rwlt-coding-agent-011	7	17246	55	16847	142.539	0.003	142.903	126.155	1.055	13.137	6.276	70.373	2.569	5.440	1.774	22.392	5.893	-3.256	0.502		14.185				0.000	572.583	126.155	145.031	10.224	139.000	139.000	7046.000	7181.000	120.000	120.000	539.000	119.000	0.819	119.000	119.000	540.000	118.000	0.821
69	aa-rwlt-coding-agent-011	8	21039	313	17246	212.633	1.910	709.401	79.080	1.120	13.532	6.515	23.355	2.081	5.404	1.847	22.113	5.665	-3.056	0.504		14.329				0.000	76.058	79.080	9.750	0.680	141.000	141.000	7184.000	7202.000	8.000	8.000	658.000	7.000	0.989	8.000	8.000	658.000	7.000	0.989
70	aa-rwlt-coding-agent-011	9	21268	50	21039	165.250	0.004	165.627	78.768	1.135	13.834	6.485	23.373	2.305	5.428	1.898	21.005	5.655	-2.846	0.496		13.487				0.000	63.535	78.768	13.406	0.994	143.000	143.000	7205.000	7220.000	11.000	11.000	665.000	10.000	0.985	11.000	11.000	665.000	10.000	0.985
71	aa-rwlt-coding-agent-011	10	21574	38	21268	152.583	0.010	152.960	79.534	1.156	14.213	6.432	24.100	2.187	5.531	1.937	21.027	5.575	-3.114	0.490		13.217				0.000	67.578	79.534	9.750	0.738	145.000	145.000	7223.000	7239.000	8.000	8.000	675.000	7.000	0.990	8.000	8.000	675.000	7.000	0.990
72	aa-rwlt-coding-agent-011	11	21811	54	21574	157.902	0.004	158.278	80.808	1.172	14.822	6.596	22.850	2.517	5.614	1.948	20.781	5.664	-1.640	0.484		13.167				0.000	97.284	80.808	9.750	0.740	147.000	147.000	7242.000	7265.000	8.000	8.000	682.000	7.000	0.990	8.000	8.000	682.000	7.000	0.990
73	aa-rwlt-coding-agent-011	12	22019	55	21811	166.279	1.320	187.780	95.209	1.235	15.715	6.926	36.238	2.125	5.875	2.028	22.032	5.613	-3.076	0.498		13.941				0.000	224.354	95.209	34.125	2.448	149.000	149.000	7268.000	7321.000	28.000	28.000	689.000	27.000	0.962	28.000	28.000	689.000	27.000	0.962
74	aa-rwlt-coding-agent-011	13	22910	131	22019	182.269	1.956	331.154	94.891	1.179	16.244	7.110	33.321	2.500	5.836	2.014	23.834	5.518	-3.156	0.491		15.356				0.000	2111.252	94.891	23.156	1.508	151.000	151.000	7324.000	7819.000	20.000	20.000	716.000	19.000	0.974	19.000	19.000	717.000	18.000	0.976
75	aa-rwlt-coding-agent-011	14	23493	1209	22910	181.995	1.768	2218.683	155.664	1.574	18.281	8.118	81.052	2.250	6.815	2.384	32.172	6.056	-3.417	0.379		22.785				0.000	1682.709	155.664	142.594	6.258	153.000	153.000	7822.000	8216.000	117.000	117.000	735.000	116.000	0.864	117.000	117.000	735.000	116.000	0.864
76	aa-rwlt-coding-agent-011	15	27223	936	23493	243.401	1.833	1851.301	110.216	1.540	19.028	8.340	31.344	2.680	6.919	2.533	34.468	5.997	-3.031	0.398		24.402				0.000	386.104	110.216	31.688	1.299	155.000	155.000	8219.000	8309.000	26.000	26.000	851.000	25.000	0.971	26.000	26.000	851.000	25.000	0.971
77	aa-rwlt-coding-agent-011	16	28019	211	27223	199.127	2.032	508.378	109.668	1.452	19.821	8.352	28.793	2.517	6.943	2.505	35.232	5.745	-2.172	0.480		25.685				0.000	743.595	109.668	20.719	0.807	157.000	157.000	8312.000	8485.000	17.000	17.000	876.000	16.000	0.982	17.000	17.000	876.000	16.000	0.982
78	aa-rwlt-coding-agent-011	17	28539	380	28019	197.537	2.021	864.822	128.612	1.358	20.303	8.508	44.829	2.488	7.259	2.474	37.982	6.059	-3.030	0.382		28.212				0.000	231.731	128.612	46.312	1.642	159.000	159.000	8488.000	8542.000	38.000	38.000	892.000	37.000	0.960	38.000	38.000	892.000	37.000	0.960
79	aa-rwlt-coding-agent-011	18	29708	137	28539	218.143	2.184	373.469	113.888	1.451	20.457	8.641	29.333	2.376	7.224	2.542	38.955	5.622	-3.095	0.382		28.957				0.000	60.851	113.888	20.719	0.716	161.000	161.000	8545.000	8559.000	17.000	17.000	929.000	16.000	0.983	17.000	17.000	929.000	16.000	0.983
80	aa-rwlt-coding-agent-011	19	30238	52	29708	188.133	0.004	188.507	112.820	1.505	21.097	8.656	26.376	2.463	7.339	2.701	39.587	5.611	-2.994	0.479		29.858				0.000	2012.545	112.820	19.500	0.653	163.000	163.000	8562.000	9030.000	17.000	17.000	945.000	16.000	0.983	16.000	16.000	946.000	15.000	0.984
81	aa-rwlt-coding-agent-011	20	30731	1175	30238	202.248	1.735	2138.585	131.990	1.925	22.222	9.357	39.237	2.551	7.605	2.764	43.141	6.457	-3.659	0.390		32.837				0.000	2027.759	131.990	36.562	1.113	165.000	165.000	9033.000	9505.000	30.000	30.000	961.000	29.000	0.971	30.000	30.000	961.000	29.000	0.971
82	aa-rwlt-coding-agent-011	21	31654	1140	30731	222.674	1.787	2174.087	129.100	1.836	22.926	9.685	31.584	2.499	7.747	2.843	46.009	5.680	-2.094	0.385		35.243				0.000	405.082	129.100	24.375	0.692	167.000	167.000	9508.000	9602.000	20.000	20.000	990.000	19.000	0.981	20.000	20.000	990.000	19.000	0.981
83	aa-rwlt-coding-agent-011	22	32273	215	31654	218.544	2.147	547.302	124.626	1.523	22.993	9.011	28.455	2.503	7.769	2.811	46.605	5.621	-3.042	0.377		35.921				0.000	104.029	124.626	14.625	0.407	169.000	169.000	9605.000	9629.000	12.000	12.000	1009.000	11.000	0.989	12.000	12.000	1009.000	11.000	0.989
84	aa-rwlt-coding-agent-011	23	32628	73	32273	216.302	0.715	242.324	133.970	1.579	23.375	9.158	34.643	2.336	7.694	2.857	48.213	6.049	-2.327	0.393		37.378				0.000	107.744	133.970	23.156	0.620	171.000	171.000	9632.000	9657.000	19.000	19.000	1020.000	18.000	0.983	19.000	19.000	1020.000	18.000	0.983
85	aa-rwlt-coding-agent-011	24	33194	74	32628	224.515	1.148	254.643	136.566	1.572	23.774	9.428	34.409	2.662	7.925	2.815	50.606	6.275	-3.262	0.362		39.539				0.000	1129.049	136.566	35.344	0.894	173.000	173.000	9660.000	9921.000	29.000	29.000	1038.000	28.000	0.974	29.000	29.000	1038.000	28.000	0.974
86	aa-rwlt-coding-agent-011	25	34097	858	33194	228.270	1.314	1279.685	174.078	1.906	25.176	10.043	62.428	2.479	8.371	3.000	57.818	5.717	-3.238	0.378		46.309				0.000	1337.720	174.078	80.438	1.737	175.000	175.000	9924.000	10234.000	66.000	66.000	1066.000	65.000	0.943	66.000	66.000	1066.000	65.000	0.943
87	aa-rwlt-coding-agent-011	26	36172	767	34097	266.183	1.775	1526.604	152.690	1.880	26.092	10.314	36.044	2.559	8.584	3.176	59.975	5.777	-2.217	0.506		48.211				0.000	195.212	152.690	36.562	0.758	177.000	177.000	10237.000	10282.000	30.000	30.000	1131.000	29.000	0.975	30.000	30.000	1131.000	29.000	0.975
88	aa-rwlt-coding-agent-011	27	37097	120	36172	244.010	2.130	361.444	150.053	1.759	26.589	10.385	32.667	2.880	8.562	3.134	61.242	5.814	-3.486	0.507		49.393				0.000	1196.240	150.053	20.719	0.419	179.000	179.000	10285.000	10560.000	17.000	17.000	1160.000	16.000	0.986	17.000	17.000	1160.000	16.000	0.986
89	aa-rwlt-coding-agent-011	28	37623	705	37097	243.468	1.717	1361.598	161.644	2.113	27.298	10.966	36.571	2.577	9.147	3.371	65.484	6.570	-2.938	0.485		52.933				0.000	130.716	161.644	35.344	0.668	181.000	181.000	10563.000	10593.000	29.000	29.000	1176.000	28.000	0.977	29.000	29.000	1176.000	28.000	0.977
90	aa-rwlt-coding-agent-011	29	38519	93	37623	255.328	1.295	307.441	149.582	1.788	27.373	10.514	24.802	2.510	8.795	3.214	65.871	5.745	-1.527	0.497		53.854				0.000	100.961	149.582	8.531	0.158	183.000	183.000	10596.000	10619.000	7.000	7.000	1204.000	6.000	0.995	7.000	7.000	1204.000	6.000	0.995
91	aa-rwlt-coding-agent-011	30	38714	65	38519	242.574	0.536	264.302	151.812	1.727	29.116	11.507	25.116	2.393	8.953	3.277	66.776	5.654	-3.083	0.376		54.714				0.000	406.483	151.812	14.625	0.267	185.000	185.000	10622.000	10715.000	12.000	12.000	1210.000	11.000	0.991	12.000	12.000	1210.000	11.000	0.991
92	aa-rwlt-coding-agent-011	31	39071	261	38714	245.695	1.609	574.200	167.580	1.846	28.721	10.806	37.357	2.501	8.904	3.324	70.720	6.117	-3.094	0.378		58.401				0.000	155.671	167.580	36.562	0.626	187.000	187.000	10718.000	10754.000	31.000	31.000	1221.000	30.000	0.976	30.000	30.000	1222.000	29.000	0.977
93	aa-rwlt-coding-agent-011	32	40021	87	39071	261.225	3.235	339.117	173.668	1.815	29.805	10.806	41.416	2.357	9.132	3.233	72.284	5.725	-3.275	0.370		60.087				0.000	993.372	173.668	26.812	0.446	189.000	189.000	10757.000	10986.000	22.000	22.000	1251.000	21.000	0.983	22.000	22.000	1251.000	21.000	0.983
94	aa-rwlt-coding-agent-011	33	40689	608	40021	268.450	1.676	1183.850	174.081	2.243	29.632	11.324	35.644	2.525	9.350	3.360	75.903	5.745	-2.136	0.491		63.059				0.000	448.521	174.081	26.812	0.425	191.000	191.000	10989.000	11092.000	22.000	22.000	1272.000	21.000	0.984	22.000	22.000	1272.000	21.000	0.984
95	aa-rwlt-coding-agent-011	34	41362	280	40689	267.332	1.714	637.860	189.530	1.960	30.472	11.675	47.686	2.447	9.393	3.497	78.768	6.116	-2.969	0.485		66.101				0.000	113.408	189.530	42.656	0.645	193.000	193.000	11095.000	11121.000	35.000	35.000	1293.000	34.000	0.974	35.000	35.000	1293.000	34.000	0.974
96	aa-rwlt-coding-agent-011	35	42436	75	41362	285.321	0.847	320.324	170.718	2.038	30.819	11.420	26.535	2.039	9.385	3.459	81.582	6.789	-3.729	0.381		68.612				0.000	210.148	170.718	15.844	0.231	195.000	195.000	11124.000	11172.000	13.000	13.000	1327.000	12.000	0.991	13.000	13.000	1327.000	12.000	0.991
97	aa-rwlt-coding-agent-011	36	42832	134	42436	266.702	1.824	398.352	173.528	2.077	30.853	11.746	26.828	2.795	9.597	3.542	82.115	5.698	-2.273	0.550		69.350				0.000	158.740	173.528	9.750	0.141	197.000	197.000	11175.000	11211.000	8.000	8.000	1339.000	7.000	0.995	8.000	8.000	1339.000	7.000	0.995
98	aa-rwlt-coding-agent-011	37	43072	108	42832	267.607	1.296	348.216	173.485	2.025	31.404	12.437	25.678	2.454	9.699	3.556	82.529	5.740	-2.520	0.483		69.525				0.000	149.240	173.485	8.531	0.123	199.000	199.000	11214.000	11248.000	7.000	7.000	1346.000	7.000	0.995	7.000	7.000	1347.000	6.000	0.996
99	aa-rwlt-coding-agent-011	38	43277	95	43072	269.392	1.714	339.964	176.253	2.085	32.072	11.427	27.265	2.443	9.687	3.518	84.541	6.229	-3.509	0.495		71.008				0.000	705.478	176.253	18.281	0.257	201.000	201.000	11251.000	11412.000	15.000	15.000	1353.000	14.000	0.990	15.000	15.000	1353.000	14.000	0.990
100	aa-rwlt-coding-agent-011	39	43741	532	43277	272.806	1.308	899.678	191.896	2.256	33.137	12.270	35.747	2.646	10.029	3.856	88.805	5.784	-3.127	0.493		75.230				0.000	169.613	191.896	21.938	0.292	203.000	203.000	11415.000	11454.000	19.000	19.000	1367.000	18.000	0.987	18.000	18.000	1367.000	18.000	0.987
101	aa-rwlt-coding-agent-011	40	44293	110	43741	288.027	2.380	378.761	182.153	2.116	33.045	11.974	26.091	3.038	9.737	3.587	88.536	5.738	-2.193	0.484		75.315				0.000	492.799	182.153	13.406	0.178	205.000	205.000	11457.000	11570.000	11.000	11.000	1385.000	10.000	0.993	11.000	11.000	1385.000	10.000	0.993
102	aa-rwlt-coding-agent-011	41	44624	370	44293	277.872	1.367	692.479	193.277	2.194	33.505	12.035	34.019	2.537	9.938	3.718	91.537	5.744	-2.433	0.483		78.231				0.000	147.090	193.277	18.281	0.234	207.000	207.000	11573.000	11607.000	15.000	15.000	1395.000	14.000	0.990	15.000	15.000	1395.000	14.000	0.990
103	aa-rwlt-coding-agent-011	42	45065	77	44624	288.170	3.474	357.899	198.732	2.121	33.817	11.996	37.427	2.493	10.132	3.707	93.655	5.731	-2.853	0.506		80.138				0.000	124.619	198.732	26.812	0.335	209.000	209.000	11610.000	11639.000	22.000	22.000	1409.000	21.000	0.985	22.000	22.000	1409.000	21.000	0.985
104	aa-rwlt-coding-agent-011	43	45731	66	45065	294.138	1.117	341.349	189.072	2.216	34.387	12.089	25.413	2.484	10.028	3.834	93.992	5.717	-1.636	0.548		80.344				0.000	1423.160	189.072	7.312	0.091	211.000	211.000	11642.000	11967.000	6.000	6.000	1430.000	5.000	0.997	6.000	6.000	1430.000	5.000	0.997
105	aa-rwlt-coding-agent-011	44	45904	864	45731	283.754	1.659	1629.214	211.238	2.338	35.196	12.507	43.002	2.630	10.409	3.842	97.687	5.821	-2.730	0.536		83.782				0.000	165.429	211.238	30.469	0.364	213.000	213.000	11970.000	12008.000	25.000	25.000	1435.000	24.000	0.984	25.000	25.000	1435.000	24.000	0.984
106	aa-rwlt-coding-agent-011	45	46666	88	45904	307.049	2.833	395.128	208.432	2.209	35.681	12.650	38.272	2.538	10.357	3.800	99.358	5.898	-2.815	0.484		85.615				0.000	279.723	208.432	26.812	0.313	215.000	215.000	12011.000	12075.000	22.000	22.000	1459.000	21.000	0.986	22.000	22.000	1459.000	21.000	0.986
107	aa-rwlt-coding-agent-011	46	47359	155	46666	305.703	1.988	506.738	198.235	2.257	35.984	12.517	25.750	2.428	10.603	3.882	101.340	5.787	-2.796	0.483		87.372				0.000	83.384	198.235	12.188	0.139	217.000	217.000	12078.000	12097.000	11.000	11.000	1480.000	10.000	0.993	10.000	10.000	1481.000	9.000	0.994
108	aa-rwlt-coding-agent-011	47	47653	63	47359	296.072	0.102	300.330	203.269	2.254	36.677	13.014	27.722	2.489	10.539	3.953	102.466	6.213	-2.542	0.484		88.381				0.000	331.566	203.269	9.750	0.110	219.000	219.000	12100.000	12175.000	8.000	8.000	1490.000	7.000	0.995	8.000	8.000	1490.000	7.000	0.995
109	aa-rwlt-coding-agent-011	48	47896	233	47653	300.704	1.477	553.508	203.700	2.337	36.938	13.140	26.066	2.525	10.504	4.073	104.246	6.090	-2.713	0.494		89.903				0.000	80.192	203.700	12.188	0.136	221.000	221.000	12178.000	12196.000	10.000	10.000	1497.000	9.000	0.994	10.000	10.000	1497.000	9.000	0.994
110	aa-rwlt-coding-agent-011	49	48170	57	47896	309.015	0.003	309.396	208.938	2.393	37.381	14.312	27.781	2.561	10.672	3.961	106.081	6.093	-2.783	0.486		91.764				0.000	317.681	208.938	15.844	0.173	223.000	223.000	12199.000	12270.000	13.000	13.000	1506.000	12.000	0.992	13.000	13.000	1506.000	12.000	0.992
111	aa-rwlt-coding-agent-011	50	48559	234	48170	307.338	1.538	546.041	209.371	2.461	37.992	14.149	26.307	2.582	10.869	4.046	106.994	6.130	-2.662	0.503		92.827				0.000	264.845	209.371	10.969	0.118	225.000	225.000	12273.000	12333.000	9.000	9.000	1518.000	8.000	0.995	9.000	9.000	1518.000	8.000	0.995
112	aa-rwlt-coding-agent-011	51	48827	219	48559	307.573	1.347	493.763	208.902	2.421	38.026	13.045	27.668	2.154	10.614	4.038	107.389	5.779	-2.609	0.377		93.364				0.000	195.996	208.902	8.531	0.091	227.000	227.000	12336.000	12381.000	8.000	8.000	1526.000	7.000	0.995	7.000	7.000	1527.000	6.000	0.996
113	aa-rwlt-coding-agent-011	52	49052	109	48827	307.302	2.251	424.636	208.175	2.397	38.657	13.029	24.331	2.950	10.778	4.114	108.625	5.989	-3.177	0.482		93.911				0.000	87.987	208.175	4.875	0.052	229.000	229.000	12384.000	12404.000	5.000	5.000	1533.000	4.000	0.997	4.000	4.000	1534.000	3.000	0.998
114	aa-rwlt-coding-agent-011	53	49180	60	49052	307.868	0.230	316.430	217.035	2.449	38.755	12.996	30.295	3.304	10.878	4.117	109.923	5.802	-2.046	0.562		95.166				0.000	237.056	217.035	9.750	0.102	231.000	231.000	12407.000	12461.000	9.000	9.000	1537.000	8.000	0.995	8.000	8.000	1537.000	8.000	0.995
115	aa-rwlt-coding-agent-011	54	49427	190	49180	315.850	1.384	473.876	212.609	2.394	40.895	13.137	25.130	2.487	10.829	4.092	109.336	6.388	-2.601	0.522		95.052				0.000	521.076	212.609	7.312	0.077	233.000	233.000	12464.000	12583.000	6.000	6.000	1545.000	5.000	0.997	6.000	6.000	1545.000	5.000	0.997
116	aa-rwlt-coding-agent-011	55	49586	293	49427	311.145	1.836	753.874	209.014	2.440	39.787	12.999	22.781	2.571	10.924	4.022	109.765	6.051	-2.807	0.481		95.314				0.000	521.212	209.014	1.219	0.013	235.000	235.000	12586.000	12705.000	1.000	1.000	1550.000	0.000	1.000	1.000	1.000	1550.000	0.000	1.000
117	aa-rwlt-coding-agent-011	56	49586	293	49585	307.639	1.836	750.488	246.602	2.477	40.267	13.370	53.360	2.578	11.155	4.139	115.157	5.795	-2.180	0.484		100.499				0.000	538.546	246.602	46.312	0.461	237.000	237.000	12708.000	12831.000	38.000	38.000	1550.000	37.000	0.977	38.000	38.000	1550.000	37.000	0.977
118	aa-rwlt-coding-agent-011	57	50758	323	49586	345.825	1.780	805.403	258.120	2.551	41.103	13.654	58.810	2.519	11.488	4.251	120.116	5.811	-2.677	0.494		105.254				0.000	668.626	258.120	41.438	0.394	239.000	239.000	12834.000	12985.000	34.000	34.000	1587.000	33.000	0.980	34.000	34.000	1587.000	33.000	0.980
119	aa-rwlt-coding-agent-011	58	51839	513	50758	358.655	1.328	947.390	231.298	2.552	41.857	14.119	27.776	2.692	11.569	4.475	122.917	6.208	-3.362	0.495		107.249				0.000	273.819	231.298	13.406	0.125	241.000	241.000	12988.000	13050.000	12.000	12.000	1620.000	11.000	0.993	11.000	11.000	1621.000	10.000	0.994
120	aa-rwlt-coding-agent-011	59	52168	166	51839	332.237	1.858	527.632	254.158	2.673	43.688	14.195	43.539	2.556	11.778	4.577	126.845	5.932	-2.104	0.479		111.391				0.000	963.123	254.158	36.562	0.328	243.000	243.000	13053.000	13270.000	30.000	30.000	1631.000	29.000	0.983	30.000	30.000	1631.000	29.000	0.983
121	aa-rwlt-coding-agent-011	60	53115	614	52168	353.900	1.559	1238.040	243.271	2.953	42.196	14.240	32.512	2.631	12.232	4.494	128.290	6.311	-2.962	0.374		112.829				0.000	1786.367	243.271	13.406	0.119	245.000	245.000	13273.000	13679.000	12.000	12.000	1660.000	11.000	0.993	11.000	11.000	1661.000	10.000	0.994
122	aa-rwlt-coding-agent-011	61	53465	1084	53115	343.615	1.658	2052.042	257.350	2.760	43.268	14.637	42.199	2.696	12.009	4.472	131.736	5.879	-2.674	0.368		115.854				0.000	494.166	257.350	30.469	0.263	247.000	247.000	13682.000	13794.000	25.000	25.000	1671.000	24.000	0.986	25.000	25.000	1671.000	24.000	0.986
123	aa-rwlt-coding-agent-011	62	54232	294	53465	357.943	1.526	773.292	103.386	0.566	5.684	3.939	74.286	2.227	3.389	1.036	9.629	5.529	-3.264	0.365		4.579				0.000	225.446	103.386	285.188	62.282	249.000	249.000	13797.000	13851.000	234.000	234.000	66.000	233.000	0.221	234.000	234.000	66.000	233.000	0.221
124	aa-rwlt-coding-agent-051	0	9564	108	2110	185.424	2.522	337.043	155.207	0.796	9.441	5.438	110.086	2.095	4.794	1.498	18.212	5.508	-3.016	0.355		11.286				0.000	365.561	155.207	318.094	28.185	251.000	251.000	13854.000	13940.000	261.000	261.000	299.000	260.000	0.535	261.000	261.000	299.000	260.000	0.535
125	aa-rwlt-coding-agent-051	1	17875	191	9564	241.140	2.128	528.747	70.562	0.867	9.917	5.853	23.797	2.671	4.903	1.595	17.053	5.639	-2.238	0.505		10.045				0.000	347.423	70.562	15.844	1.577	253.000	253.000	13943.000	14023.000	13.000	13.000	559.000	12.000	0.979	13.000	13.000	559.000	12.000	0.979
126	aa-rwlt-coding-agent-051	2	18251	192	17875	168.973	1.883	425.503	78.338	0.892	10.492	6.120	32.681	2.178	4.996	1.676	16.748	5.982	-3.804	0.377		9.711				0.000	165.599	78.338	31.688	3.263	255.000	255.000	14026.000	14065.000	26.000	26.000	571.000	25.000	0.958	26.000	26.000	571.000	25.000	0.958
127	aa-rwlt-coding-agent-051	3	19061	86	18251	164.805	2.482	256.896	84.860	0.865	11.223	6.200	35.965	2.033	5.187	1.695	18.952	5.760	-3.411	0.391		11.490				0.000	105.968	84.860	51.188	4.455	257.000	257.000	14068.000	14093.000	42.000	42.000	596.000	41.000	0.936	42.000	42.000	596.000	41.000	0.936
128	aa-rwlt-coding-agent-051	4	20375	51	19061	170.182	1.281	199.944	76.815	0.930	11.687	6.214	25.327	2.682	5.348	1.766	19.232	5.626	-2.615	0.618		11.709				0.000	105.775	76.815	21.938	1.874	259.000	259.000	14096.000	14121.000	18.000	18.000	637.000	17.000	0.974	18.000	18.000	637.000	17.000	0.974
129	aa-rwlt-coding-agent-051	5	20924	59	20375	162.126	1.424	190.901	77.536	0.927	12.313	6.661	25.627	2.109	5.444	1.775	19.919	5.598	-3.223	0.386		12.164				0.000	68.081	77.536	21.938	1.803	261.000	261.000	14124.000	14140.000	18.000	18.000	654.000	17.000	0.975	18.000	18.000	654.000	17.000	0.975
130	aa-rwlt-coding-agent-051	6	21457	48	20924	155.136	0.006	155.525	194.659	1.043	15.660	8.247	118.562	2.486	6.993	2.312	35.309	6.097	-2.557	0.507		25.353				0.000	613.098	194.659	265.688	10.480	263.000	263.000	14143.000	14285.000	218.000	218.000	671.000	217.000	0.756	218.000	218.000	671.000	217.000	0.756
131	aa-rwlt-coding-agent-051	7	28415	379	21457	281.747	1.710	817.184	121.359	1.179	16.652	8.719	42.182	2.201	7.160	2.386	37.865	5.728	-3.133	0.420		27.805				0.000	753.774	121.359	49.969	1.797	265.000	265.000	14288.000	14462.000	42.000	42.000	888.000	41.000	0.956	41.000	41.000	889.000	40.000	0.957
132	aa-rwlt-coding-agent-051	8	29705	486	28415	211.424	1.499	885.931	110.684	1.237	17.102	8.980	29.147	2.219	7.274	2.644	38.959	5.691	-3.077	0.508		28.810				0.000	356.678	110.684	20.719	0.719	267.000	267.000	14465.000	14548.000	17.000	17.000	929.000	16.000	0.983	17.000	17.000	929.000	16.000	0.983
133	aa-rwlt-coding-agent-051	9	30238	220	29705	198.701	1.765	477.833	106.277	1.081	17.235	8.574	24.047	2.935	7.263	2.461	38.968	5.627	-2.402	0.488		29.092				0.000	77.439	106.277	8.531	0.293	269.000	269.000	14551.000	14569.000	8.000	8.000	945.000	7.000	0.993	7.000	7.000	946.000	6.000	0.994
134	aa-rwlt-coding-agent-051	10	30445	44	30238	193.892	0.006	194.296	107.018	1.252	17.722	8.869	23.749	2.050	7.379	2.555	39.976	6.032	-3.052	0.486		29.914				0.000	59.797	107.018	15.844	0.530	271.000	271.000	14572.000	14586.000	13.000	13.000	952.000	12.000	0.988	13.000	13.000	952.000	12.000	0.988
135	aa-rwlt-coding-agent-051	11	30826	38	30445	177.507	0.005	177.876	109.210	1.319	18.191	8.783	24.055	2.558	7.350	2.552	40.646	5.686	-2.418	0.488		30.677				0.000	993.723	109.210	15.844	0.516	273.000	273.000	14589.000	14821.000	13.000	13.000	964.000	12.000	0.988	13.000	13.000	964.000	12.000	0.988
136	aa-rwlt-coding-agent-051	12	31227	587	30826	197.926	1.743	1113.319	132.357	1.599	19.264	9.472	41.757	2.185	7.603	2.676	44.582	5.712	-2.973	0.480		33.917				0.000	571.816	132.357	42.656	1.258	275.000	275.000	14824.000	14957.000	36.000	36.000	976.000	35.000	0.965	35.000	35.000	977.000	34.000	0.966
137	aa-rwlt-coding-agent-051	13	32329	307	31227	220.711	1.970	715.547	161.189	1.480	20.463	10.108	60.265	2.934	8.175	3.010	50.843	5.733	-2.195	0.373		39.506				0.000	812.636	161.189	63.375	1.604	277.000	277.000	14960.000	15148.000	52.000	52.000	1011.000	51.000	0.952	52.000	52.000	1011.000	51.000	0.952
138	aa-rwlt-coding-agent-051	14	33969	478	32329	250.038	1.813	984.680	203.485	1.512	21.983	10.690	89.865	2.231	8.727	2.948	62.580	5.743	-3.164	0.370		50.511				0.000	1593.783	203.485	137.719	2.727	279.000	279.000	15151.000	15518.000	113.000	113.000	1062.000	112.000	0.905	113.000	113.000	1062.000	112.000	0.905
139	aa-rwlt-coding-agent-051	15	37553	865	33969	292.508	1.870	1809.510	140.409	1.739	22.325	10.540	24.725	2.415	8.650	3.090	62.546	5.914	-2.139	0.604		50.276				0.000	1249.056	140.409	13.406	0.267	281.000	281.000	15521.000	15807.000	11.000	11.000	1174.000	10.000	0.992	11.000	11.000	1174.000	10.000	0.992
140	aa-rwlt-coding-agent-051	16	37868	706	37553	229.449	1.818	1400.530	212.024	1.697	23.851	11.278	82.946	2.607	9.217	3.254	74.357	5.800	-3.357	0.374		61.314				0.000	99.131	212.024	114.562	1.868	283.000	283.000	15810.000	15833.000	94.000	94.000	1184.000	93.000	0.927	94.000	94.000	1184.000	93.000	0.927
141	aa-rwlt-coding-agent-051	17	40850	60	37868	301.898	1.024	323.723	159.228	1.505	24.443	11.238	27.476	2.489	9.311	3.324	74.939	6.296	-2.270	0.477		62.232				0.000	1066.623	159.228	15.844	0.255	285.000	285.000	15836.000	16081.000	13.000	13.000	1277.000	12.000	0.991	13.000	13.000	1277.000	12.000	0.991
142	aa-rwlt-coding-agent-051	18	41234	617	40850	248.462	1.773	1238.106	217.985	1.836	25.750	12.323	73.605	2.467	9.855	3.556	85.493	5.839	-3.113	0.374		72.157				0.000	498.480	217.985	92.625	1.284	287.000	287.000	16084.000	16198.000	76.000	76.000	1289.000	75.000	0.945	76.000	76.000	1289.000	75.000	0.945
143	aa-rwlt-coding-agent-051	19	43647	327	41234	309.828	1.621	729.918	169.403	1.528	25.939	12.145	24.110	2.552	9.801	3.568	85.381	6.045	-2.149	0.483		71.632				0.000	61.210	169.403	4.875	0.068	289.000	289.000	16201.000	16215.000	5.000	5.000	1364.000	4.000	0.997	4.000	4.000	1365.000	3.000	0.998
144	aa-rwlt-coding-agent-051	20	43774	41	43647	243.121	0.005	243.484	173.905	1.642	26.232	12.203	28.478	2.013	9.696	3.443	86.972	6.124	-3.382	0.484		73.206				0.000	357.267	173.905	15.844	0.216	291.000	291.000	16218.000	16300.000	14.000	14.000	1368.000	13.000	0.991	13.000	13.000	1369.000	12.000	0.991
145	aa-rwlt-coding-agent-051	21	44174	219	43774	265.857	1.797	544.691	193.246	1.871	27.022	12.343	39.655	2.844	10.038	3.475	91.825	5.995	-2.299	0.477		78.256				0.000	84.656	193.246	37.781	0.483	293.000	293.000	16303.000	16322.000	31.000	31.000	1381.000	30.000	0.979	31.000	31.000	1381.000	30.000	0.979
146	aa-rwlt-coding-agent-051	22	45142	53	44174	286.294	0.187	290.338	173.860	1.706	27.228	12.035	22.946	2.604	10.039	3.464	90.601	5.810	-3.076	0.503		77.040				0.000	847.864	173.860	4.875	0.063	295.000	295.000	16325.000	16520.000	4.000	4.000	1411.000	3.000	0.998	4.000	4.000	1411.000	3.000	0.998
147	aa-rwlt-coding-agent-051	23	45231	470	45142	265.446	1.902	1035.887	179.545	1.734	27.381	12.300	26.747	2.490	10.046	3.505	92.313	6.405	-3.754	0.378		78.949				0.000	469.303	179.545	7.312	0.093	297.000	297.000	16523.000	16631.000	6.000	6.000	1414.000	5.000	0.996	6.000	6.000	1414.000	5.000	0.996
148	aa-rwlt-coding-agent-051	24	45383	235	45231	271.351	2.141	663.385	178.849	1.734	27.783	12.174	24.170	2.418	10.075	3.628	92.863	6.453	-2.943	0.494		78.824				0.000	398.321	178.849	2.438	0.031	299.000	299.000	16634.000	16726.000	2.000	2.000	1419.000	1.000	0.999	2.000	2.000	1419.000	1.000	0.999
149	aa-rwlt-coding-agent-051	25	45439	201	45383	270.135	2.197	591.263	181.897	1.801	28.161	12.392	26.666	2.917	10.100	3.522	93.041	6.236	-3.420	0.481		79.456				0.000	173.593	181.897	8.531	0.107	301.000	301.000	16729.000	16769.000	8.000	8.000	1420.000	7.000	0.995	7.000	7.000	1421.000	6.000	0.996
150	aa-rwlt-coding-agent-051	26	45656	99	45439	274.198	2.386	370.008	180.600	1.700	28.328	12.296	24.406	1.849	10.072	3.627	93.514	6.507	-2.189	0.490		80.030				0.000	1117.395	180.600	4.875	0.061	303.000	303.000	16772.000	17028.000	4.000	4.000	1427.000	3.000	0.998	4.000	4.000	1427.000	3.000	0.998
151	aa-rwlt-coding-agent-051	27	45747	590	45656	271.957	1.955	1312.212	266.691	2.074	30.799	13.529	90.988	2.713	11.083	4.097	108.048	5.817	-2.988	0.531		93.119				0.000	248.670	266.691	115.781	1.243	305.000	305.000	17031.000	17088.000	95.000	95.000	1430.000	94.000	0.938	95.000	95.000	1430.000	94.000	0.938
152	aa-rwlt-coding-agent-051	28	48749	120	45747	360.544	2.395	530.838	198.856	1.752	30.631	13.065	24.469	2.575	10.799	3.983	107.420	6.357	-2.738	0.543		92.622				0.000	95.864	198.856	3.656	0.039	307.000	307.000	17091.000	17113.000	3.000	3.000	1524.000	2.000	0.999	3.000	3.000	1524.000	2.000	0.999
153	aa-rwlt-coding-agent-051	29	48817	57	48749	291.575	0.510	309.191	205.379	1.857	31.098	13.156	29.347	2.386	10.722	3.851	109.060	6.042	-2.687	0.547		94.815				0.000	87.172	205.379	20.719	0.219	309.000	309.000	17116.000	17136.000	17.000	17.000	1526.000	16.000	0.990	17.000	17.000	1526.000	16.000	0.990
154	aa-rwlt-coding-agent-051	30	49315	60	48817	298.664	0.221	307.111	210.952	1.908	31.495	13.255	32.929	2.430	10.882	3.924	110.968	5.779	-3.103	0.485		95.970				0.000	86.734	210.952	17.062	0.178	311.000	311.000	17139.000	17159.000	14.000	14.000	1542.000	13.000	0.992	14.000	14.000	1542.000	13.000	0.992
155	aa-rwlt-coding-agent-051	31	49752	47	49315	304.672	0.377	312.940	223.252	1.944	32.301	13.355	39.606	2.448	10.978	4.442	114.211	5.816	-2.334	0.485		99.471				0.000	208.412	223.252	28.031	0.282	313.000	313.000	17162.000	17210.000	23.000	23.000	1555.000	22.000	0.986	23.000	23.000	1555.000	22.000	0.986
156	aa-rwlt-coding-agent-051	32	50435	135	49752	315.621	1.788	446.435	225.400	1.995	32.667	13.597	38.794	2.445	11.038	4.078	116.352	6.606	-2.668	0.496		101.108				0.000	219.468	225.400	20.719	0.205	315.000	315.000	17213.000	17263.000	17.000	17.000	1577.000	16.000	0.990	17.000	17.000	1577.000	16.000	0.990
157	aa-rwlt-coding-agent-051	33	50972	141	50435	319.347	1.879	460.577	227.680	2.042	33.343	13.653	39.110	2.451	11.250	3.980	118.820	5.799	-3.255	0.487		103.576				0.000	346.286	227.680	23.156	0.224	317.000	317.000	17266.000	17345.000	19.000	19.000	1593.000	18.000	0.989	19.000	19.000	1593.000	18.000	0.989
158	aa-rwlt-coding-agent-051	34	51536	169	50972	322.939	2.414	590.297	305.774	2.085	34.521	14.603	99.166	2.463	11.757	4.213	132.540	6.013	-2.075	0.488		116.972				0.000	92.337	305.774	109.688	0.938	319.000	319.000	17348.000	17369.000	90.000	90.000	1611.000	89.000	0.948	90.000	90.000	1611.000	89.000	0.948
159	aa-rwlt-coding-agent-051	35	54400	52	51536	400.067	0.433	413.367	231.082	2.110	34.890	14.527	24.959	2.141	11.601	4.394	132.549	6.903	-3.470	0.478		116.760				0.000	732.864	231.082	3.656	0.031	321.000	321.000	17372.000	17537.000	3.000	3.000	1700.000	3.000	0.998	3.000	3.000	1701.000	2.000	0.999
160	aa-rwlt-coding-agent-051	36	54469	360	54400	327.109	2.115	980.888	250.683	2.079	35.623	14.730	41.105	2.183	11.994	4.478	135.368	5.863	-3.292	0.552		119.507				0.000	246.933	250.683	24.375	0.204	323.000	323.000	17540.000	17596.000	20.000	20.000	1703.000	19.000	0.989	20.000	20.000	1703.000	19.000	0.989
161	aa-rwlt-coding-agent-051	37	55080	160	54469	348.643	1.922	516.112	262.722	2.136	37.557	14.691	43.921	3.136	11.975	4.451	140.191	6.205	-2.030	0.489		124.064				0.000	538.072	262.722	36.562	0.295	325.000	325.000	17599.000	17720.000	30.000	30.000	1722.000	29.000	0.983	30.000	30.000	1722.000	29.000	0.983
162	aa-rwlt-coding-agent-051	38	56006	287	55080	357.856	2.039	816.854	365.089	2.248	38.490	15.580	125.282	2.702	12.816	4.854	159.727	5.906	-2.996	0.480		142.644				0.000	88.298	365.089	129.188	0.906	327.000	327.000	17723.000	17743.000	106.000	106.000	1751.000	105.000	0.943	106.000	106.000	1751.000	105.000	0.943
163	aa-rwlt-coding-agent-051	39	59365	51	56006	461.997	0.294	470.797	271.452	2.483	38.830	16.195	27.005	2.705	12.945	4.941	161.318	6.032	-1.498	0.496		143.837				0.000	224.470	271.452	6.094	0.042	329.000	329.000	17746.000	17797.000	5.000	5.000	1856.000	4.000	0.998	5.000	5.000	1856.000	4.000	0.998
164	aa-rwlt-coding-agent-051	40	59491	123	59365	415.792	2.275	561.646	291.081	2.301	39.209	16.162	44.817	2.121	12.799	5.095	164.981	6.302	-3.191	0.485		147.333				0.000	308.466	291.081	29.250	0.199	331.000	331.000	17800.000	17869.000	24.000	24.000	1860.000	23.000	0.988	24.000	24.000	1860.000	23.000	0.988
165	aa-rwlt-coding-agent-051	41	60245	176	59491	389.454	1.873	618.194	277.958	2.305	39.611	15.747	28.953	3.183	13.093	4.654	165.873	6.151	-2.112	0.500		148.524				0.000	214.602	277.958	8.531	0.057	333.000	333.000	17872.000	17920.000	7.000	7.000	1883.000	6.000	0.997	7.000	7.000	1883.000	6.000	0.997
166	aa-rwlt-coding-agent-051	42	60417	116	60245	375.295	1.616	509.753	282.479	2.292	39.842	15.815	34.307	2.646	12.769	4.699	166.487	5.911	-2.777	0.488		148.630				0.000	214.059	282.479	10.969	0.074	335.000	335.000	17923.000	17971.000	9.000	9.000	1889.000	8.000	0.996	9.000	9.000	1889.000	8.000	0.996
167	aa-rwlt-coding-agent-051	43	60679	110	60417	380.818	2.005	515.424	273.689	2.305	39.927	15.719	25.203	2.516	12.717	4.647	166.739	5.948	-2.601	0.569		148.915				0.000	185.933	273.689	3.656	0.025	337.000	337.000	17974.000	18016.000	3.000	3.000	1897.000	2.000	0.999	3.000	3.000	1897.000	2.000	0.999
168	aa-rwlt-coding-agent-051	44	60751	87	60679	370.474	3.050	477.507	275.706	2.286	40.378	15.725	26.502	2.891	12.898	4.759	166.989	5.937	-3.146	0.487		149.390				0.000	88.314	275.706	6.094	0.041	339.000	339.000	18019.000	18039.000	5.000	5.000	1899.000	4.000	0.998	5.000	5.000	1899.000	4.000	0.998
169	aa-rwlt-coding-agent-051	45	60877	54	60751	374.001	0.489	382.669	276.779	2.364	40.751	15.779	25.871	2.489	12.740	4.808	167.596	5.940	-2.078	0.519		148.866				0.000	120.190	276.779	4.875	0.033	341.000	341.000	18042.000	18069.000	4.000	4.000	1903.000	3.000	0.998	4.000	4.000	1903.000	3.000	0.998
170	aa-rwlt-coding-agent-051	46	60964	56	60877	374.890	1.911	415.296	114.398	0.548	5.625	4.055	84.850	2.106	3.345	1.063	10.146	5.409	-3.236	0.487		4.739				0.000	635.764	114.398	302.250	63.779	343.000	343.000	18072.000	18222.000	248.000	248.000	64.000	247.000	0.206	248.000	248.000	64.000	247.000	0.206
171	aa-rwlt-coding-agent-073	0	9944	388	2028	198.009	1.707	758.247	52.044	0.620	6.078	3.790	22.706	1.938	3.408	1.082	9.368	5.553	-2.989	0.490		4.006				0.000	90.990	52.044	17.062	4.259	345.000	345.000	18225.000	18247.000	14.000	14.000	311.000	13.000	0.960	14.000	14.000	311.000	13.000	0.960
172	aa-rwlt-coding-agent-073	1	10365	45	9944	134.548	1.141	150.820	74.696	0.642	7.364	4.214	41.897	2.394	3.792	1.269	10.100	5.531	-3.031	0.524		4.678				0.000	117.727	74.696	90.188	19.279	347.000	347.000	18250.000	18278.000	74.000	74.000	311.000	73.000	0.810	74.000	74.000	311.000	73.000	0.810
173	aa-rwlt-coding-agent-073	2	12288	75	9944	158.539	1.903	200.694	67.215	0.656	8.162	4.505	32.084	2.163	4.056	1.315	11.101	5.484	-2.682	0.371		5.309				0.000	1100.736	67.215	51.188	9.642	349.000	349.000	18281.000	18541.000	42.000	42.000	384.000	42.000	0.901	42.000	42.000	385.000	41.000	0.904
174	aa-rwlt-coding-agent-073	3	13603	642	12288	151.982	1.762	1176.327	73.979	1.201	8.936	4.900	35.864	2.189	4.294	1.392	12.214	5.529	-3.028	0.488		5.888				0.000	1519.621	73.979	40.219	6.831	351.000	351.000	18544.000	18904.000	33.000	33.000	426.000	32.000	0.930	33.000	33.000	426.000	32.000	0.930
175	aa-rwlt-coding-agent-073	4	14656	897	13603	158.873	1.731	1602.537	61.783	0.954	9.381	4.957	22.736	2.294	4.322	1.397	12.822	5.561	-3.123	0.482		5.948				0.000	131.459	61.783	18.281	3.074	353.000	353.000	18907.000	18938.000	15.000	15.000	458.000	15.000	0.968	15.000	15.000	459.000	14.000	0.970
176	aa-rwlt-coding-agent-073	5	15125	65	14656	147.557	4.221	202.713	105.637	0.763	9.716	4.875	65.083	2.499	4.367	1.469	12.908	5.873	-2.445	0.529		5.911				0.000	126.435	105.637	180.375	30.515	355.000	355.000	18941.000	18971.000	148.000	148.000	324.000	148.000	0.686	148.000	148.000	324.000	148.000	0.686
177	aa-rwlt-coding-agent-073	6	15089	86	10365	189.952	0.916	240.599	86.184	0.829	11.163	5.324	43.966	1.986	4.560	1.536	13.738	8.970	-6.368	0.480		7.110				0.000	90.139	86.184	59.719	8.399	357.000	357.000	18974.000	18996.000	48.000	48.000	473.000	48.000	0.908	49.000	49.000	473.000	48.000	0.908
178	aa-rwlt-coding-agent-073	7	16666	57	15125	172.656	0.545	189.352	66.666	0.914	11.555	5.276	22.972	2.318	4.636	1.672	13.774	5.915	-2.752	0.386		7.049				0.000	373.508	66.666	7.312	1.037	359.000	359.000	18999.000	19087.000	6.000	6.000	521.000	5.000	0.990	6.000	6.000	521.000	5.000	0.990
179	aa-rwlt-coding-agent-073	8	16821	198	16666	151.840	2.027	450.197	65.826	0.974	11.897	5.247	22.742	2.198	4.714	1.577	13.709	5.545	-3.278	0.501		6.679				0.000	167.425	65.826	8.531	1.277	361.000	361.000	19090.000	19130.000	7.000	7.000	526.000	6.000	0.989	7.000	7.000	526.000	6.000	0.989
180	aa-rwlt-coding-agent-073	9	17001	87	16821	151.211	4.489	243.478	65.675	0.961	12.288	5.401	22.336	2.380	4.666	1.616	13.332	5.488	-3.282	0.489		6.674				0.000	158.818	65.675	4.875	0.730	363.000	363.000	19133.000	19170.000	4.000	4.000	532.000	3.000	0.994	4.000	4.000	532.000	3.000	0.994
181	aa-rwlt-coding-agent-073	10	17096	89	17001	151.802	1.327	242.341	70.324	0.970	12.841	5.466	25.121	2.111	4.820	1.637	14.467	5.559	-3.212	0.544		7.400				0.000	407.139	70.324	24.375	3.294	365.000	365.000	19173.000	19268.000	20.000	20.000	535.000	19.000	0.966	20.000	20.000	535.000	19.000	0.966
182	aa-rwlt-coding-agent-073	11	17717	244	17096	162.897	1.840	488.826	70.881	1.031	13.339	5.827	23.544	2.098	4.875	1.722	15.383	5.549	-2.981	0.494		7.879				0.000	169.233	70.881	15.844	2.011	367.000	367.000	19271.000	19311.000	13.000	13.000	554.000	12.000	0.979	13.000	13.000	554.000	12.000	0.979
183	aa-rwlt-coding-agent-073	12	18091	106	17717	158.173	2.054	250.906	70.290	1.017	13.631	5.721	22.937	2.158	4.940	1.743	15.267	5.575	-3.178	0.479		7.877				0.000	67.499	70.290	8.531	1.083	369.000	369.000	19314.000	19330.000	7.000	7.000	566.000	6.000	0.990	7.000	7.000	566.000	6.000	0.990
184	aa-rwlt-coding-agent-073	13	18282	46	18091	148.868	0.008	149.326	77.086	1.071	14.238	5.821	26.410	2.675	5.134	1.789	16.191	5.553	-2.280	0.484		8.586				0.000	88.188	77.086	26.812	3.123	371.000	371.000	19333.000	19353.000	22.000	22.000	572.000	21.000	0.965	22.000	22.000	572.000	21.000	0.965
185	aa-rwlt-coding-agent-073	14	18974	53	18282	167.151	0.314	175.665	88.738	1.099	15.123	6.286	35.379	2.145	5.393	1.857	18.465	5.814	-3.397	0.574		10.608				0.000	126.344	88.738	47.531	4.481	373.000	373.000	19356.000	19386.000	40.000	40.000	593.000	39.000	0.938	39.000	39.000	594.000	38.000	0.940
186	aa-rwlt-coding-agent-073	15	20205	89	18974	176.361	1.144	226.983	78.683	1.136	15.625	6.224	23.404	2.534	5.468	1.956	18.943	5.419	-2.547	0.521		10.803				0.000	105.760	78.683	13.406	1.241	375.000	375.000	19389.000	19414.000	11.000	11.000	632.000	10.000	0.984	11.000	11.000	632.000	10.000	0.984
187	aa-rwlt-coding-agent-073	16	20517	67	20205	166.539	1.316	195.873	81.001	1.244	16.119	6.546	25.038	2.311	5.559	1.976	19.350	5.572	-3.198	0.484		11.033				0.000	97.245	81.001	4.875	0.442	377.000	377.000	19417.000	19440.000	4.000	4.000	642.000	3.000	0.995	4.000	4.000	642.000	3.000	0.995
188	aa-rwlt-coding-agent-073	17	20622	56	20517	168.977	1.043	190.200	79.611	1.181	16.410	6.508	22.423	2.461	5.508	2.014	19.372	5.713	-2.467	0.488		11.012				0.000	122.570	79.611	3.656	0.332	379.000	379.000	19443.000	19472.000	3.000	3.000	645.000	2.000	0.997	3.000	3.000	645.000	2.000	0.997
189	aa-rwlt-coding-agent-073	18	20694	72	20622	167.405	2.100	213.902	82.144	1.229	16.658	6.697	24.802	2.567	5.623	1.965	19.601	5.607	-3.109	0.504		11.447				0.000	94.947	82.144	14.625	1.278	381.000	381.000	19475.000	19497.000	12.000	12.000	647.000	11.000	0.983	12.000	12.000	647.000	11.000	0.983
190	aa-rwlt-coding-agent-073	19	21054	55	20694	172.453	0.505	189.486	88.906	1.229	17.065	6.577	28.450	3.356	5.564	2.026	19.560	5.856	-1.262	0.485		11.427				0.000	102.280	88.906	3.656	0.320	383.000	383.000	19500.000	19524.000	4.000	4.000	658.000	3.000	0.995	3.000	3.000	659.000	2.000	0.997
191	aa-rwlt-coding-agent-073	20	21131	68	21054	176.412	0.721	202.061	99.491	1.327	17.978	7.089	37.934	2.145	5.871	2.182	21.999	5.661	-3.186	0.491		13.721				0.000	1351.466	99.491	51.188	3.731	385.000	385.000	19527.000	19844.000	42.000	42.000	661.000	41.000	0.942	42.000	42.000	661.000	41.000	0.942
192	aa-rwlt-coding-agent-073	21	22453	735	21131	188.670	1.887	1464.806	88.741	1.595	18.518	7.318	23.996	2.573	5.997	2.191	23.010	6.446	-3.256	0.353		14.141				0.000	1180.804	88.741	19.500	1.379	387.000	387.000	19847.000	20123.000	16.000	16.000	702.000	15.000	0.979	16.000	16.000	702.000	15.000	0.979
193	aa-rwlt-coding-agent-073	22	22918	683	22453	178.532	1.782	1283.463	110.033	1.641	19.460	7.508	40.637	2.520	6.455	2.285	25.714	5.670	-2.261	0.404		16.688				0.000	81.356	110.033	57.281	3.432	389.000	389.000	20126.000	20145.000	47.000	47.000	717.000	46.000	0.940	47.000	47.000	717.000	46.000	0.940
194	aa-rwlt-coding-agent-073	23	24415	62	22918	199.796	0.087	203.727	93.269	1.329	20.008	7.468	24.580	2.585	6.215	2.384	25.701	5.607	-3.102	0.494		16.658				0.000	81.243	93.269	12.188	0.732	391.000	391.000	20148.000	20167.000	11.000	11.000	763.000	10.000	0.987	10.000	10.000	764.000	9.000	0.988
195	aa-rwlt-coding-agent-073	24	24715	54	24415	184.525	0.004	188.348	120.204	1.347	20.819	7.864	45.791	2.531	6.751	2.571	28.859	6.084	-2.971	0.558		19.118				0.000	1204.598	120.204	53.625	2.805	393.000	393.000	20170.000	20451.000	44.000	44.000	773.000	43.000	0.947	44.000	44.000	773.000	43.000	0.947
196	aa-rwlt-coding-agent-073	25	26106	679	24715	212.006	1.850	1338.948	261.486	1.869	21.392	8.102	181.455	2.653	7.061	2.525	33.335	5.703	-3.087	0.478		23.466				0.000	1164.748	261.486	470.438	20.048	395.000	395.000	20454.000	20726.000	385.000	385.000	472.000	385.000	0.551	386.000	386.000	472.000	385.000	0.551
197	aa-rwlt-coding-agent-073	26	27411	647	15089	352.404	1.866	1440.643	112.574	1.586	22.255	8.668	29.564	2.563	7.147	2.759	34.164	5.738	-2.372	0.502		24.112				0.000	552.858	112.574	23.156	0.960	397.000	397.000	20729.000	20858.000	19.000	19.000	857.000	18.000	0.979	19.000	19.000	857.000	18.000	0.979
198	aa-rwlt-coding-agent-073	27	28000	319	27411	203.988	1.847	679.072	167.680	1.655	23.987	8.999	74.516	2.719	7.353	2.735	42.585	5.677	-3.041	0.495		31.708				0.000	625.433	167.680	120.656	3.805	399.000	399.000	20861.000	21007.000	99.000	99.000	875.000	99.000	0.898	99.000	99.000	876.000	98.000	0.899
199	aa-rwlt-coding-agent-073	28	31161	343	28000	260.789	2.005	808.480	215.309	1.647	24.847	9.245	109.564	2.435	7.830	2.841	53.103	5.752	-2.444	0.489		32.783				0.000	129.114	215.309	209.625	6.394	401.000	401.000	21010.000	21040.000	171.000	171.000	816.000	171.000	0.827	172.000	172.000	816.000	171.000	0.827
200	aa-rwlt-coding-agent-073	29	31561	70	26106	307.457	2.430	358.840	141.703	1.645	26.097	9.364	42.978	2.588	7.798	2.824	45.342	5.682	-3.187	0.572		34.243				0.000	354.398	141.703	48.750	1.424	403.000	403.000	21043.000	21126.000	39.000	39.000	974.000	39.000	0.962	40.000	40.000	974.000	39.000	0.962
201	aa-rwlt-coding-agent-073	30	32395	242	31161	235.038	1.705	511.603	152.157	1.700	26.802	9.327	45.535	2.503	7.853	3.122	46.324	6.517	1.968	0.506		34.831				0.000	68.613	152.157	43.875	1.260	405.000	405.000	21129.000	21145.000	35.000	35.000	987.000	35.000	0.966	36.000	36.000	987.000	35.000	0.966
202	aa-rwlt-coding-agent-073	31	32685	48	31561	231.559	0.005	231.923	130.351	1.711	27.104	9.277	27.721	2.575	8.013	2.933	47.042	6.510	-3.023	0.488		35.252				0.000	159.356	130.351	4.875	0.138	407.000	407.000	21148.000	21185.000	4.000	4.000	1022.000	3.000	0.997	4.000	4.000	1022.000	3.000	0.997
203	aa-rwlt-coding-agent-073	32	32785	88	32685	223.306	2.350	305.854	128.839	1.702	26.167	9.475	24.702	3.145	8.087	2.942	47.845	6.514	-2.233	0.493		36.129				0.000	154.319	128.839	10.969	0.304	409.000	409.000	21188.000	21224.000	9.000	9.000	1025.000	8.000	0.992	9.000	9.000	1025.000	8.000	0.992
204	aa-rwlt-coding-agent-073	33	33032	97	32785	221.115	2.350	298.902	129.416	1.760	26.449	9.550	26.470	2.450	7.934	2.988	48.606	5.564	-2.853	0.498		37.076				0.000	151.034	129.416	10.969	0.296	411.000	411.000	21227.000	21262.000	9.000	9.000	1033.000	8.000	0.992	9.000	9.000	1033.000	8.000	0.992
205	aa-rwlt-coding-agent-073	34	33304	92	33032	222.981	2.292	296.556	129.163	1.778	26.874	9.566	24.005	2.314	7.920	2.951	48.227	7.920	-2.876	0.484		36.752				0.000	136.787	129.163	6.094	0.166	413.000	413.000	21265.000	21297.000	5.000	5.000	1041.000	4.000	0.996	5.000	5.000	1041.000	4.000	0.996
206	aa-rwlt-coding-agent-073	35	33419	82	33304	221.827	2.321	282.433	128.929	1.778	27.449	9.442	24.032	2.542	7.912	2.958	48.825	6.488	-3.007	0.510		37.028				0.000	219.350	128.929	4.875	0.132	415.000	415.000	21300.000	21351.000	4.000	4.000	1045.000	3.000	0.997	4.000	4.000	1045.000	3.000	0.997
207	aa-rwlt-coding-agent-073	36	33533	121	33419	222.796	2.050	364.596	127.124	1.776	27.761	9.475	22.578	2.539	7.957	2.960	48.970	5.761	-3.166	0.513		37.318				0.000	202.246	127.124	3.656	0.098	417.000	417.000	21354.000	21401.000	4.000	4.000	1048.000	3.000	0.997	3.000	3.000	1048.000	3.000	0.997
208	aa-rwlt-coding-agent-073	37	33622	131	33533	220.873	2.017	346.303	133.640	1.786	28.418	9.770	25.018	2.367	8.209	2.988	50.658	6.069	-2.204	0.561		38.470				0.000	373.008	133.640	14.625	0.380	419.000	419.000	21404.000	21491.000	12.000	12.000	1051.000	11.000	0.990	12.000	12.000	1051.000	11.000	0.990
209	aa-rwlt-coding-agent-073	38	33955	235	33622	227.433	1.679	523.282	136.238	1.965	28.667	10.060	25.033	2.926	8.294	3.164	51.611	5.736	-1.773	0.555		39.540				0.000	77.748	136.238	9.750	0.247	421.000	421.000	21494.000	21512.000	8.000	8.000	1062.000	7.000	0.993	8.000	8.000	1062.000	7.000	0.993
210	aa-rwlt-coding-agent-073	39	34186	49	33955	229.623	0.009	230.085	133.282	1.871	28.709	9.675	23.541	2.428	8.150	3.088	51.874	6.130	-2.701	0.517		39.724				0.000	430.562	133.282	7.312	0.184	423.000	423.000	21515.000	21615.000	6.000	6.000	1069.000	5.000	0.995	6.000	6.000	1069.000	5.000	0.995
211	aa-rwlt-coding-agent-073	40	34345	271	34186	227.277	1.713	580.529	136.344	1.878	29.176	9.688	24.207	2.533	8.235	3.071	53.299	6.706	-2.936	0.487		41.176				0.000	82.023	136.344	12.188	0.296	425.000	425.000	21618.000	21637.000	10.000	10.000	1074.000	9.000	0.992	10.000	10.000	1074.000	9.000	0.992
212	aa-rwlt-coding-agent-073	41	34639	52	34345	231.163	0.138	235.740	135.277	1.864	29.419	9.570	23.655	2.351	8.205	3.026	53.407	6.042	-2.768	0.506		41.177				0.000	231.332	135.277	4.875	0.118	427.000	427.000	21640.000	21694.000	4.000	4.000	1083.000	3.000	0.997	4.000	4.000	1083.000	3.000	0.997
213	aa-rwlt-coding-agent-073	42	34738	136	34639	229.820	1.690	383.934	135.646	1.799	29.630	9.787	24.293	2.682	8.187	3.112	52.411	5.759	-2.530	0.516		40.857				0.000	708.206	135.646	7.312	0.179	429.000	429.000	21697.000	21862.000	6.000	6.000	1086.000	5.000	0.995	6.000	6.000	1086.000	5.000	0.995
214	aa-rwlt-coding-agent-073	43	34908	425	34738	230.443	1.719	861.547	138.215	1.933	30.113	9.840	23.591	2.471	8.324	3.196	54.975	6.078	-2.799	0.493		42.789				0.000	154.613	138.215	13.406	0.313	431.000	431.000	21865.000	21901.000	12.000	12.000	1091.000	11.000	0.990	11.000	11.000	1091.000	11.000	0.990
215	aa-rwlt-coding-agent-073	44	35239	91	34908	233.423	3.118	311.625	215.722	1.993	31.073	10.396	95.706	2.529	8.611	3.303	58.760	5.646	-2.778	0.483		46.536				0.000	103.275	215.722	164.531	3.536	433.000	433.000	21904.000	21928.000	134.000	134.000	1013.000	134.000	0.883	135.000	135.000	1013.000	134.000	0.883
216	aa-rwlt-coding-agent-073	45	36684	73	32395	310.785	0.549	336.914	186.821	2.044	31.613	10.331	62.771	3.148	8.709	3.363	60.966	6.215	-2.834	0.495		48.406				0.000	99.435	186.821	73.125	1.511	435.000	435.000	21931.000	21954.000	59.000	59.000	1102.000	59.000	0.949	60.000	60.000	1102.000	59.000	0.949
217	aa-rwlt-coding-agent-073	46	37142	66	35239	282.751	0.530	304.332	149.323	2.035	33.237	10.343	25.990	2.144	8.720	3.313	60.406	5.761	-3.154	0.528		48.240				0.000	108.828	149.323	10.969	0.227	437.000	437.000	21957.000	21982.000	9.000	9.000	1161.000	8.000	0.993	9.000	9.000	1161.000	8.000	0.993
218	aa-rwlt-coding-agent-073	47	37397	68	37142	246.728	0.890	277.354	181.114	2.080	34.595	10.933	49.017	3.037	8.995	3.461	65.146	5.728	-2.363	0.485		52.672				0.000	223.767	181.114	54.844	1.041	439.000	439.000	21985.000	22036.000	45.000	45.000	1169.000	44.000	0.964	45.000	45.000	1169.000	44.000	0.964
219	aa-rwlt-coding-agent-073	48	38805	172	37397	277.613	1.108	423.064	159.370	2.129	33.449	10.865	27.082	2.331	9.019	3.489	67.667	5.863	-3.021	0.497		55.004				0.000	154.287	159.370	20.719	0.377	441.000	441.000	22039.000	22075.000	17.000	17.000	1213.000	16.000	0.987	17.000	17.000	1213.000	16.000	0.987
220	aa-rwlt-coding-agent-073	49	39300	87	38805	256.963	1.583	333.243	343.792	2.268	36.945	12.196	180.011	2.903	10.233	3.802	91.098	6.115	-2.249	0.470		76.824				0.000	210.286	343.792	314.438	4.093	443.000	443.000	22078.000	22126.000	257.000	257.000	1147.000	257.000	0.817	258.000	258.000	1147.000	257.000	0.817
221	aa-rwlt-coding-agent-073	50	44903	119	36684	441.373	1.532	573.396	312.557	2.365	37.625	14.575	142.775	2.259	10.347	3.966	94.481	6.472	-2.778	0.470		79.611				0.000	64.412	312.557	234.000	2.939	445.000	445.000	22129.000	22144.000	191.000	191.000	1229.000	191.000	0.865	192.000	192.000	1229.000	191.000	0.865
222	aa-rwlt-coding-agent-073	51	45427	43	39300	396.833	0.005	397.181	198.969	2.382	37.982	12.745	28.134	3.172	11.718	4.149	94.455	6.317	-2.554	0.469		79.839				0.000	281.913	198.969	18.281	0.229	447.000	447.000	22147.000	22211.000	15.000	15.000	1420.000	14.000	0.990	15.000	15.000	1420.000	14.000	0.990
223	aa-rwlt-coding-agent-073	52	45861	209	45427	298.134	1.413	500.593	209.657	2.368	38.954	12.751	28.928	2.608	17.804	4.241	96.377	6.432	-1.296	0.490		81.684				0.000	281.786	209.657	19.500	0.239	449.000	449.000	22214.000	22278.000	16.000	16.000	1434.000	15.000	0.990	16.000	16.000	1434.000	15.000	0.990
224	aa-rwlt-coding-agent-073	53	46352	151	45861	307.837	2.249	510.520	206.724	2.380	39.217	12.702	28.512	2.324	15.981	4.244	97.266	6.302	-2.687	0.483		82.314				0.000	119.916	206.724	10.969	0.133	451.000	451.000	22281.000	22308.000	9.000	9.000	1449.000	8.000	0.995	9.000	9.000	1449.000	8.000	0.995
225	aa-rwlt-coding-agent-073	54	46606	70	46352	307.007	0.777	346.956	199.264	2.387	39.377	12.456	25.219	2.909	10.407	4.051	98.193	6.492	-2.594	0.367		83.547				0.000	237.452	199.264	7.312	0.088	453.000	453.000	22311.000	22365.000	6.000	6.000	1457.000	5.000	0.997	6.000	6.000	1457.000	5.000	0.997
226	aa-rwlt-coding-agent-073	55	46763	137	46606	298.273	1.914	457.461	229.478	2.490	40.076	13.027	51.120	2.681	10.524	3.971	102.127	5.748	-2.770	0.484		87.207				0.000	258.916	229.478	41.438	0.475	455.000	455.000	22368.000	22427.000	34.000	34.000	1462.000	33.000	0.978	34.000	34.000	1462.000	33.000	0.978
227	aa-rwlt-coding-agent-073	56	47829	154	46763	329.845	2.108	509.341	268.855	2.495	40.019	13.171	89.869	2.305	10.636	4.001	102.754	5.856	-2.734	0.483		87.772				0.000	258.474	268.855	114.562	1.305	457.000	457.000	22430.000	22488.000	93.000	93.000	1404.000	93.000	0.938	94.000	94.000	1404.000	93.000	0.938
228	aa-rwlt-coding-agent-073	57	47902	168	44903	370.467	1.390	548.788	226.210	2.514	41.146	13.451	41.273	2.945	10.850	4.103	106.010	6.176	-2.783	0.525		90.958				0.000	483.400	226.210	35.344	0.389	459.000	459.000	22491.000	22600.000	28.000	28.000	1495.000	28.000	0.982	29.000	29.000	1495.000	28.000	0.982
229	aa-rwlt-coding-agent-073	58	48717	259	47829	326.558	2.021	731.091	214.876	2.607	42.918	13.353	27.255	2.471	11.029	4.146	107.415	5.762	-2.567	0.487		92.302				0.000	319.757	214.876	13.406	0.145	461.000	461.000	22603.000	22676.000	11.000	11.000	1523.000	10.000	0.993	11.000	11.000	1523.000	10.000	0.993
230	aa-rwlt-coding-agent-073	59	49036	234	48717	314.916	1.255	556.334	210.370	2.570	41.752	13.248	23.276	2.534	10.842	4.102	108.411	5.889	-2.740	0.486		93.105				0.000	255.910	210.370	4.875	0.052	463.000	463.000	22679.000	22737.000	4.000	4.000	1533.000	3.000	0.998	4.000	4.000	1533.000	3.000	0.998
231	aa-rwlt-coding-agent-073	60	49135	193	49036	311.602	1.347	488.383	215.725	2.579	42.551	13.315	26.648	2.628	10.934	4.089	109.281	5.762	-2.559	0.497		94.132				0.000	69.547	215.725	12.188	0.129	465.000	465.000	22740.000	22756.000	10.000	10.000	1536.000	9.000	0.994	10.000	10.000	1536.000	9.000	0.994
232	aa-rwlt-coding-agent-073	61	49413	43	49135	307.232	0.011	307.688	219.516	2.641	42.389	13.343	29.025	2.637	10.939	4.227	110.720	5.786	-2.676	0.485		95.334				0.000	216.481	219.516	18.281	0.192	467.000	467.000	22759.000	22808.000	15.000	15.000	1545.000	14.000	0.991	15.000	15.000	1545.000	14.000	0.991
233	aa-rwlt-coding-agent-073	62	49860	171	49413	320.566	1.048	458.266	224.176	2.646	43.030	13.644	27.878	3.568	11.195	4.396	113.572	6.557	-2.803	0.493		98.103				0.000	75.061	224.176	15.844	0.162	469.000	469.000	22811.000	22828.000	13.000	13.000	1559.000	12.000	0.992	13.000	13.000	1559.000	12.000	0.992
234	aa-rwlt-coding-agent-073	63	50267	46	49860	322.574		322.933	243.124	2.783	43.543	15.862	41.138	2.679	11.499	4.491	117.099	6.058	-2.562	0.534		100.984				0.000	179.426	243.124	31.688	0.314	471.000	471.000	22831.000	22872.000	26.000	26.000	1571.000	25.000	0.984	26.000	26.000	1571.000	25.000	0.984
235	aa-rwlt-coding-agent-073	64	51041	110	50267	344.181	2.336	444.981	234.546	2.751	44.612	14.482	29.646	2.758	11.350	4.449	118.883	6.656	-1.544	0.503		102.836				0.000	156.516	234.546	18.281	0.178	473.000	473.000	22875.000	22910.000	15.000	15.000	1596.000	14.000	0.991	15.000	15.000	1596.000	14.000	0.991
236	aa-rwlt-coding-agent-073	65	51502	94	51041	336.551	1.356	412.864	231.578	2.732	44.551	14.022	27.614	2.726	11.323	4.332	120.395	5.813	-2.448	0.518		104.614				0.000	165.073	231.578	10.969	0.105	475.000	475.000	22913.000	22950.000	9.000	9.000	1610.000	8.000	0.995	9.000	9.000	1610.000	8.000	0.995
237	aa-rwlt-coding-agent-073	66	51759	102	51502	334.088	1.521	419.649	234.137	2.747	45.020	13.964	28.919	2.632	11.400	4.446	120.836	6.590	-2.901	0.484		104.855				0.000	116.114	234.137	9.750	0.093	477.000	477.000	22953.000	22979.000	8.000	8.000	1618.000	7.000	0.996	8.000	8.000	1618.000	7.000	0.996
238	aa-rwlt-coding-agent-073	67	51985	64	51759	337.616	0.811	373.666	112.584	0.636	5.823	4.071	81.935	2.252	3.434	1.086	10.450	5.466	-2.955	0.386		4.871				0.000	117.199	112.584	313.219	64.303	479.000	479.000	22982.000	23010.000	257.000	257.000	65.000	256.000	0.202	257.000	257.000	65.000	256.000	0.202
239	aa-rwlt-coding-agent-010	0	10260	65	2070	196.064	2.293	237.703	153.941	0.842	10.070	5.682	107.546	2.230	4.892	1.554	18.235	5.587	-3.179	0.482		11.114				0.000	135.005	153.941	316.875	28.511	481.000	481.000	23013.000	23045.000	260.000	260.000	321.000	259.000	0.553	260.000	260.000	321.000	259.000	0.553
240	aa-rwlt-coding-agent-010	1	18551	75	10260	238.614	2.026	297.735	69.821	0.866	10.499	5.820	23.179	3.059	4.941	1.651	16.793	5.582	-3.070	0.501		9.338				0.000	76.219	69.821	7.312	0.783	483.000	483.000	23048.000	23066.000	6.000	6.000	580.000	5.000	0.991	6.000	6.000	580.000	5.000	0.991
241	aa-rwlt-coding-agent-010	2	18716	51	18551	154.994	0.004	155.382	68.297	0.903	10.891	5.920	22.480	2.303	5.080	1.712	16.175	5.537	-3.210	0.506		8.605				0.000	140.502	68.297	13.406	1.558	485.000	485.000	23069.000	23102.000	11.000	11.000	585.000	10.000	0.983	11.000	11.000	585.000	10.000	0.983
242	aa-rwlt-coding-agent-010	3	19031	77	18716	154.679	1.902	217.819	100.410	2.507	11.971	6.488	45.504	3.105	5.320	1.788	19.225	5.960	-1.936	0.478		11.351				0.000	84.872	100.410	70.688	6.227	487.000	487.000	23105.000	23125.000	58.000	58.000	595.000	57.000	0.913	58.000	58.000	595.000	57.000	0.913
243	aa-rwlt-coding-agent-010	4	20861	58	19031	185.108	0.258	193.452	93.357	0.998	12.995	6.936	38.047	2.207	5.624	1.898	21.704	5.652	-3.226	0.522		13.396				0.000	135.289	93.357	52.406	3.912	489.000	489.000	23128.000	23160.000	44.000	44.000	652.000	43.000	0.938	43.000	43.000	652.000	43.000	0.938
244	aa-rwlt-coding-agent-010	5	22210	67	20861	178.890		238.225	81.255	1.087	13.431	6.942	24.980	2.163	5.816	1.933	21.847	5.510	-2.977	0.523		13.134				0.000	71.915	81.255	4.875	0.371	491.000	491.000	23163.000	23180.000	4.000	4.000	695.000	3.000	0.996	4.000	4.000	695.000	3.000	0.996
245	aa-rwlt-coding-agent-010	6	22317	51	22210	162.821	0.007	163.277	99.602	1.112	14.219	7.406	39.378	2.890	5.963	1.996	23.612	5.622	-3.086	0.490		14.714				0.000	149.007	99.602	53.625	3.644	493.000	493.000	23183.000	23218.000	44.000	44.000	698.000	43.000	0.942	44.000	44.000	698.000	43.000	0.942
246	aa-rwlt-coding-agent-010	7	23712	79	22317	186.513	2.776	258.948	83.497	1.076	14.586	7.295	22.139	2.106	5.982	2.063	23.820	5.660	-1.731	0.501		14.356				0.000	64.173	83.497	4.875	0.340	495.000	495.000	23221.000	23236.000	4.000	4.000	741.000	4.000	0.995	4.000	4.000	742.000	3.000	0.996
247	aa-rwlt-coding-agent-010	8	23811	53	23712	156.594	0.007	157.056	123.239	1.202	15.735	8.204	55.789	2.735	6.507	2.244	27.939	5.583	-3.191	0.492		18.403				0.000	127.928	123.239	73.125	3.974	497.000	497.000	23239.000	23269.000	60.000	60.000	745.000	59.000	0.927	60.000	60.000	745.000	59.000	0.927
248	aa-rwlt-coding-agent-010	9	25724	75	23811	210.713	1.211	261.928	89.441	1.173	16.064	7.893	22.522	2.213	6.399	2.203	27.832	5.637	-2.999	0.504		18.477				0.000	64.819	89.441	8.531	0.462	499.000	499.000	23272.000	23287.000	7.000	7.000	804.000	6.000	0.993	7.000	7.000	804.000	6.000	0.993
249	aa-rwlt-coding-agent-010	10	25896	53	25724	164.863	0.007	165.342	117.305	1.273	17.140	8.283	45.172	2.579	6.672	2.306	30.828	5.591	-3.027	0.488		21.031				0.000	136.938	117.305	48.750	2.318	501.000	501.000	23290.000	23322.000	40.000	40.000	810.000	39.000	0.954	40.000	40.000	810.000	39.000	0.954
250	aa-rwlt-coding-agent-010	11	27162	78	25896	205.689	1.800	265.448	97.719	1.245	17.491	8.516	23.397	2.246	6.728	2.391	31.037	5.634	-1.465	0.499		21.316				0.000	64.357	97.719	7.312	0.343	503.000	503.000	23325.000	23340.000	6.000	6.000	849.000	5.000	0.994	6.000	6.000	849.000	5.000	0.994
251	aa-rwlt-coding-agent-010	12	27314	53	27162	171.705	0.007	172.164	106.249	1.332	17.984	8.374	30.782	2.533	6.874	2.429	32.770	5.678	-3.006	0.499		22.874				0.000	1843.883	106.249	29.250	1.279	505.000	505.000	23343.000	23772.000	24.000	24.000	854.000	23.000	0.974	24.000	24.000	854.000	23.000	0.974
252	aa-rwlt-coding-agent-010	13	28039	1022	27314	196.135	1.847	1962.559	116.735	1.981	18.995	9.242	32.558	2.410	7.237	2.634	37.708	5.714	-3.178	1.434		26.733				0.000	348.705	116.735	34.125	1.277	507.000	507.000	23775.000	23856.000	28.000	28.000	877.000	27.000	0.970	28.000	28.000	877.000	27.000	0.970
253	aa-rwlt-coding-agent-010	14	28901	193	28039	205.064	2.085	476.444	119.924	1.266	19.442	8.883	30.064	2.789	13.807	2.822	37.910	5.660	-3.102	0.383		27.504				0.000	73.277	119.924	23.156	0.842	509.000	509.000	23859.000	23876.000	19.000	19.000	904.000	18.000	0.980	19.000	19.000	904.000	18.000	0.980
254	aa-rwlt-coding-agent-010	15	29498	52	28901	205.709	0.004	206.095	120.067	1.684	19.909	8.926	32.538	2.608	7.339	2.732	39.650	6.370	-2.085	0.396		29.233				0.000	306.887	120.067	32.906	1.126	511.000	511.000	23879.000	23950.000	27.000	27.000	922.000	26.000	0.973	27.000	27.000	922.000	26.000	0.973
255	aa-rwlt-coding-agent-010	16	30329	195	29498	208.707	1.849	438.252	111.298	1.449	20.602	8.965	24.024	3.220	7.460	2.557	39.977	5.694	-3.033	0.383		29.521				0.000	94.518	111.298	10.969	0.372	513.000	513.000	23953.000	23975.000	9.000	9.000	948.000	8.000	0.992	9.000	9.000	948.000	8.000	0.992
256	aa-rwlt-coding-agent-010	17	30577	58	30329	200.701	0.506	218.181	121.498	1.513	20.983	9.288	31.570	2.497	7.541	2.808	41.597	5.668	-2.462	0.495		31.011				0.000	89.564	121.498	26.812	0.865	515.000	515.000	23978.000	23999.000	22.000	22.000	956.000	21.000	0.979	22.000	22.000	956.000	21.000	0.979
257	aa-rwlt-coding-agent-010	18	31240	55	30577	210.610	0.366	222.697	112.558	2.011	21.083	9.168	22.655	2.350	7.522	2.670	42.008	5.689	-3.100	0.502		31.259				0.000	90.471	112.558	6.094	0.195	517.000	517.000	24002.000	24023.000	5.000	5.000	977.000	4.000	0.996	5.000	5.000	977.000	4.000	0.996
258	aa-rwlt-coding-agent-010	19	31368	50	31240	202.894	0.432	215.786	142.246	1.503	21.913	9.436	46.172	2.561	7.850	2.777	46.238	5.655	-2.348	0.489		35.259				0.000	438.786	142.246	58.500	1.659	519.000	519.000	24026.000	24127.000	48.000	48.000	981.000	47.000	0.954	48.000	48.000	981.000	47.000	0.954
259	aa-rwlt-coding-agent-010	20	32886	255	31368	232.595	1.979	593.164	124.450	1.600	22.683	9.879	25.701	2.536	8.115	2.905	47.883	5.684	-3.018	0.482		36.526				0.000	702.210	124.450	17.062	0.467	521.000	521.000	24130.000	24291.000	14.000	14.000	1028.000	13.000	0.988	14.000	14.000	1028.000	13.000	0.988
260	aa-rwlt-coding-agent-010	21	33305	421	32886	220.799	1.748	839.869	123.319	1.611	22.930	9.799	24.010	2.397	8.055	2.839	48.582	5.777	-3.223	0.542		37.050				0.000	636.567	123.319	7.312	0.197	523.000	523.000	24294.000	24441.000	6.000	6.000	1041.000	5.000	0.995	6.000	6.000	1041.000	5.000	0.995
261	aa-rwlt-coding-agent-010	22	33470	391	33305	214.049	1.748	773.680	138.641	1.606	23.488	9.886	35.018	2.583	8.099	2.910	50.925	5.936	-2.294	0.484		39.362				0.000	544.470	138.641	35.344	0.898	525.000	525.000	24444.000	24570.000	30.000	30.000	1046.000	29.000	0.973	29.000	29.000	1047.000	28.000	0.974
262	aa-rwlt-coding-agent-010	23	34383	322	33470	228.996	1.775	696.211	144.186	1.639	24.358	10.195	33.840	2.510	8.345	3.042	54.447	7.146	-1.819	0.483		41.946				0.000	480.043	144.186	29.250	0.697	527.000	527.000	24573.000	24684.000	24.000	24.000	1075.000	23.000	0.979	24.000	24.000	1075.000	23.000	0.979
263	aa-rwlt-coding-agent-010	24	35126	297	34383	234.657	1.764	637.269	147.693	1.785	24.871	10.462	35.895	2.589	8.430	3.132	56.595	5.622	-2.192	0.504		44.406				0.000	819.100	147.693	35.344	0.796	529.000	529.000	24687.000	24876.000	29.000	29.000	1098.000	28.000	0.975	29.000	29.000	1098.000	28.000	0.975
264	aa-rwlt-coding-agent-010	25	36013	474	35126	238.804	1.782	980.677	141.146	1.712	25.563	10.415	24.819	2.203	10.936	3.042	58.569	6.716	-3.319	0.490		45.607				0.000	782.823	141.146	10.969	0.241	531.000	531.000	24879.000	25060.000	9.000	9.000	1126.000	8.000	0.993	9.000	9.000	1126.000	8.000	0.993
265	aa-rwlt-coding-agent-010	26	36277	430	36013	232.629	1.918	938.651	138.948	1.764	25.880	10.385	23.850	2.774	8.408	3.093	59.143	5.798	-2.635	0.488		46.529				0.000	102.644	138.948	10.969	0.236	533.000	533.000	25063.000	25087.000	10.000	10.000	1134.000	9.000	0.992	9.000	9.000	1135.000	8.000	0.993
266	aa-rwlt-coding-agent-010	27	36546	64	36277	230.477	0.574	256.101	140.060	1.768	25.918	10.392	25.017	2.484	8.495	3.046	58.702	5.578	-1.893	0.553		46.379				0.000	77.317	140.060	9.750	0.210	535.000	535.000	25090.000	25108.000	8.000	8.000	1143.000	7.000	0.994	8.000	8.000	1143.000	7.000	0.994
267	aa-rwlt-coding-agent-010	28	36776	48	36546	230.940	0.008	231.392	151.793	1.733	26.532	10.592	34.238	2.428	8.628	3.255	61.321	5.735	-3.150	0.481		49.201				0.000	918.551	151.793	26.812	0.545	537.000	537.000	25111.000	25322.000	22.000	22.000	1150.000	21.000	0.982	22.000	22.000	1150.000	21.000	0.982
268	aa-rwlt-coding-agent-010	29	37467	504	36776	245.119	1.905	1085.613	198.273	2.076	27.400	10.903	32.636	2.706	52.689	3.134	63.499	5.875	-3.144	0.499		51.041				0.000	533.820	198.273	21.938	0.430	539.000	539.000	25325.000	25448.000	18.000	18.000	1171.000	17.000	0.986	18.000	18.000	1171.000	17.000	0.986
269	aa-rwlt-coding-agent-010	30	37997	315	37467	292.518	1.872	747.809	148.809	1.880	27.769	10.693	25.095	2.521	8.961	3.314	63.982	6.155	-2.045	0.484		51.491				0.000	82.508	148.809	17.062	0.331	541.000	541.000	25451.000	25470.000	14.000	14.000	1188.000	13.000	0.989	14.000	14.000	1188.000	13.000	0.989
270	aa-rwlt-coding-agent-010	31	38404	53	37997	241.778	0.122	245.828	159.922	1.945	28.228	10.876	34.227	2.256	8.913	3.343	66.704	5.944	-2.992	0.478		53.931				0.000	2428.475	159.922	23.156	0.429	543.000	543.000	25473.000	26030.000	19.000	19.000	1201.000	18.000	0.985	19.000	19.000	1201.000	18.000	0.985
271	aa-rwlt-coding-agent-010	32	39004	1336	38404	253.756	1.841	2604.941	158.150	2.474	29.156	11.501	26.004	2.616	9.237	3.466	68.703	6.855	-2.415	0.553		55.455				0.000	879.893	158.150	12.188	0.220	545.000	545.000	26033.000	26236.000	11.000	11.000	1219.000	10.000	0.992	10.000	10.000	1219.000	10.000	0.992
272	aa-rwlt-coding-agent-010	33	39322	528	39004	251.288	1.699	1053.628	156.940	1.947	29.307	11.059	25.605	2.519	9.122	3.305	70.797	5.886	-3.092	0.485		57.448				0.000	1724.372	156.940	15.844	0.276	547.000	547.000	26239.000	26636.000	13.000	13.000	1229.000	12.000	0.990	13.000	13.000	1229.000	12.000	0.990
273	aa-rwlt-coding-agent-010	34	39689	994	39322	252.866	1.770	1899.332	168.935	2.079	29.773	10.904	34.571	2.598	9.194	3.421	72.954	5.599	-2.645	0.487		59.631				0.000	944.938	168.935	25.594	0.429	549.000	549.000	26639.000	26856.000	21.000	21.000	1241.000	20.000	0.984	21.000	21.000	1241.000	20.000	0.984
274	aa-rwlt-coding-agent-010	35	40352	532	39689	265.109	1.835	1133.332	173.521	2.030	30.228	11.356	35.018	2.595	9.397	3.566	75.485	6.350	-3.015	0.511		61.965				0.000	408.653	173.521	23.156	0.374	551.000	551.000	26859.000	26953.000	19.000	19.000	1261.000	19.000	0.985	19.000	19.000	1262.000	18.000	0.986
275	aa-rwlt-coding-agent-010	36	40941	238	40352	270.029	1.897	600.483	163.160	1.946	30.596	11.635	25.363	2.698	9.394	3.684	74.152	6.490	-3.283	0.485		61.022				0.000	354.817	163.160	8.531	0.140	553.000	553.000	26956.000	27038.000	7.000	7.000	1280.000	6.000	0.995	7.000	7.000	1280.000	6.000	0.995
276	aa-rwlt-coding-agent-010	37	41149	194	40941	258.446	2.080	535.452	168.766	2.012	31.118	11.686	28.120	2.601	9.348	3.491	76.826	5.702	-2.634	0.496		63.513				0.000	434.759	168.766	19.500	0.307	555.000	555.000	27041.000	27141.000	17.000	17.000	1286.000	16.000	0.988	16.000	16.000	1286.000	16.000	0.988
277	aa-rwlt-coding-agent-010	38	41659	297	41149	263.313	1.498	620.268	168.132	1.981	31.354	11.470	26.703	2.482	9.454	3.308	77.569	5.858	-2.531	0.484		64.240				0.000	313.820	168.132	10.969	0.171	557.000	557.000	27144.000	27216.000	9.000	9.000	1302.000	8.000	0.994	9.000	9.000	1302.000	8.000	0.994
278	aa-rwlt-coding-agent-010	39	41905	179	41659	263.421	2.157	498.871	182.805	2.071	31.881	11.599	36.747	2.604	9.554	3.502	81.343	5.697	-2.741	0.548		67.583				0.000	134.769	182.805	29.250	0.433	559.000	559.000	27219.000	27250.000	24.000	24.000	1310.000	23.000	0.983	24.000	24.000	1310.000	23.000	0.983
279	aa-rwlt-coding-agent-010	40	42638	70	41905	278.765	4.036	335.518	235.921	2.109	33.525	12.251	75.701	2.506	10.014	3.729	92.406	5.776	-2.636	0.540		77.958				0.000	160.473	235.921	96.281	1.235	561.000	561.000	27253.000	27290.000	79.000	79.000	1333.000	78.000	0.945	79.000	79.000	1333.000	78.000	0.945
280	aa-rwlt-coding-agent-010	41	45126	84	42638	331.720	2.740	414.283	183.497	2.109	33.677	12.460	24.872	2.492	10.072	3.645	90.827	5.708	-2.849	0.484		76.743				0.000	130.593	183.497	6.094	0.079	563.000	563.000	27293.000	27323.000	5.000	5.000	1411.000	4.000	0.997	5.000	5.000	1411.000	4.000	0.997
281	aa-rwlt-coding-agent-010	42	45271	74	45126	286.044	1.988	332.114	188.319	2.152	33.936	14.716	23.515	3.201	10.130	3.603	92.215	5.747	-1.413	0.517		78.242				0.000	112.694	188.319	3.656	0.047	565.000	565.000	27326.000	27352.000	4.000	4.000	1415.000	3.000	0.998	3.000	3.000	1416.000	2.000	0.999
282	aa-rwlt-coding-agent-010	43	45358	57	45271	283.220	1.065	317.658	218.848	2.152	34.520	12.731	49.998	2.391	10.325	3.684	99.678	5.806	-2.921	0.484		81.977				0.000	108.810	218.848	41.438	0.505	567.000	567.000	27355.000	27380.000	34.000	34.000	1418.000	33.000	0.977	34.000	34.000	1418.000	33.000	0.977
283	aa-rwlt-coding-agent-010	44	46425	56	45358	315.579	1.196	345.839	191.928	2.174	35.195	12.503	25.166	2.025	10.322	3.743	97.334	5.759	-2.789	0.496		82.549				0.000	104.872	191.928	4.875	0.059	569.000	569.000	27383.000	27407.000	4.000	4.000	1451.000	3.000	0.998	4.000	4.000	1451.000	3.000	0.998
284	aa-rwlt-coding-agent-010	45	46510	61	46425	289.165	1.037	315.451	224.250	2.183	35.643	12.748	51.199	2.908	10.505	3.776	101.785	5.835	-2.859	0.527		86.936				0.000	108.767	224.250	41.438	0.477	571.000	571.000	27410.000	27435.000	34.000	34.000	1454.000	33.000	0.978	34.000	34.000	1454.000	33.000	0.978
285	aa-rwlt-coding-agent-010	46	47581	61	46510	322.043	0.886	351.627	196.854	2.199	35.999	12.928	24.015	2.219	10.496	3.952	101.862	6.046	-3.343	0.481		87.032				0.000	126.153	196.854	3.656	0.042	573.000	573.000	27438.000	27467.000	4.000	4.000	1487.000	3.000	0.998	3.000	3.000	1487.000	3.000	0.998
286	aa-rwlt-coding-agent-010	47	47668	68	47581	294.722	1.473	342.246	205.854	2.235	36.392	13.296	27.111	2.824	10.638	3.938	103.465	5.400	0.062	0.493		88.020				0.000	149.191	205.854	8.531	0.097	575.000	575.000	27470.000	27504.000	7.000	7.000	1490.000	6.000	0.996	7.000	7.000	1490.000	6.000	0.996
287	aa-rwlt-coding-agent-010	48	47869	75	47668	304.622	2.305	371.831	206.178	2.305	36.793	13.304	27.561	2.616	10.694	3.996	105.243	5.835	-2.683	0.514		90.086				0.000	92.274	206.178	14.625	0.162	577.000	577.000	27507.000	27528.000	13.000	13.000	1496.000	12.000	0.992	12.000	12.000	1496.000	12.000	0.992
288	aa-rwlt-coding-agent-010	49	48249	55	47869	304.458	0.534	317.630	218.542	2.311	37.592	13.269	37.151	2.703	10.755	4.039	106.996	5.823	-2.578	0.481		91.744				0.000	112.696	218.542	21.938	0.239	579.000	579.000	27531.000	27557.000	18.000	18.000	1508.000	17.000	0.989	18.000	18.000	1508.000	17.000	0.989
289	aa-rwlt-coding-agent-010	50	48782	80	48249	316.117	1.927	351.153	209.728	2.231	37.849	13.333	28.346	2.464	10.770	3.982	107.073	5.850	-2.673	0.503		92.098				0.000	191.934	209.728	9.750	0.106	581.000	581.000	27560.000	27604.000	8.000	8.000	1525.000	7.000	0.995	8.000	8.000	1525.000	7.000	0.995
290	aa-rwlt-coding-agent-010	51	49016	114	48782	308.510	2.452	421.681	228.430	2.357	38.102	13.423	40.910	2.701	10.987	4.091	112.142	5.765	-2.551	0.503		96.563				0.000	641.441	228.430	32.906	0.341	583.000	583.000	27607.000	27752.000	27.000	27.000	1532.000	26.000	0.983	27.000	27.000	1532.000	26.000	0.983
291	aa-rwlt-coding-agent-010	52	49855	352	49016	326.303	1.969	889.737	212.802	2.440	38.375	13.638	24.622	2.578	10.976	4.176	112.247	5.835	-2.571	0.486		96.754				0.000	605.834	212.802	3.656	0.038	585.000	585.000	27755.000	27894.000	4.000	4.000	1558.000	3.000	0.998	3.000	3.000	1559.000	2.000	0.999
292	aa-rwlt-coding-agent-010	53	49929	329	49855	310.821	1.999	838.806	248.093	2.402	39.632	13.719	52.940	2.666	11.143	4.219	117.171	7.039	-3.334	0.496		101.393				0.000	1012.921	248.093	42.656	0.421	587.000	587.000	27897.000	28126.000	35.000	35.000	1561.000	34.000	0.979	35.000	35.000	1561.000	34.000	0.979
293	aa-rwlt-coding-agent-010	54	51011	604	49929	348.333	1.729	1282.235	277.581	3.102	40.691	14.485	71.522	2.584	11.513	4.301	125.725	5.811	-2.655	0.502		109.511				0.000	2349.929	277.581	74.344	0.679	589.000	589.000	28129.000	28663.000	61.000	61.000	1595.000	60.000	0.964	61.000	61.000	1595.000	60.000	0.964
294	aa-rwlt-coding-agent-010	55	52930	1588	51011	377.815	1.493	2649.062	277.099	2.679	42.241	15.313	58.639	2.794	11.957	4.658	133.942	6.229	-1.836	0.483		116.720				0.000	532.341	277.099	56.062	0.480	591.000	591.000	28666.000	28787.000	46.000	46.000	1655.000	45.000	0.974	46.000	46.000	1655.000	45.000	0.974
295	aa-rwlt-coding-agent-010	56	54370	306	52930	377.199	1.886	830.096	305.190	2.579	42.810	15.149	76.939	3.134	12.321	4.594	143.394	6.517	-2.733	0.486		125.927				0.000	1854.609	305.190	76.781	0.610	593.000	593.000	28790.000	29207.000	63.000	63.000	1700.000	62.000	0.965	63.000	63.000	1700.000	62.000	0.965
296	aa-rwlt-coding-agent-010	57	56362	1244	54370	405.724	1.522	2181.887	257.638	2.666	43.244	15.337	28.420	2.727	12.260	4.599	144.505	5.900	-2.513	0.493		127.043				0.000	248.684	257.638	8.531	0.067	595.000	595.000	29210.000	29266.000	7.000	7.000	1762.000	6.000	0.997	7.000	7.000	1762.000	6.000	0.997
297	aa-rwlt-coding-agent-010	58	56549	146	56362	358.867	2.199	528.475	311.990	2.619	43.966	15.461	73.114	2.650	12.510	4.793	152.997	5.885	-2.490	0.485		135.530				0.000	189.549	311.990	60.938	0.450	597.000	597.000	29269.000	29312.000	50.000	50.000	1768.000	49.000	0.973	50.000	50.000	1768.000	49.000	0.973
298	aa-rwlt-coding-agent-010	59	58113	103	56549	413.183	2.286	523.210	288.691	2.654	44.472	15.705	44.614	2.714	13.007	4.730	157.180	5.930	-2.808	0.493		139.402				0.000	304.229	288.691	31.688	0.227	599.000	599.000	29315.000	29384.000	26.000	26.000	1817.000	25.000	0.986	26.000	26.000	1817.000	25.000	0.986
299	aa-rwlt-coding-agent-010	60	58941	186	58113	390.422	2.045	615.694	295.715	2.713	45.249	16.294	45.219	2.812	12.881	5.086	161.718	5.917	-2.677	0.503		143.628				0.000	70.503	295.715	31.688	0.221	601.000	601.000	29387.000	29403.000	27.000	27.000	1842.000	26.000	0.986	26.000	26.000	1842.000	26.000	0.986
300	aa-rwlt-coding-agent-010	61	59745	47	58941	389.308	0.004	389.678	299.172	2.631	45.984	16.072	44.722	2.721	13.040	4.762	165.066	7.024	-3.356	0.506		146.441				0.000	1128.438	299.172	29.250	0.200	603.000	603.000	29406.000	29657.000	24.000	24.000	1868.000	23.000	0.988	24.000	24.000	1868.000	23.000	0.988
301	aa-rwlt-coding-agent-010	62	60484	668	59745	403.757	1.774	1452.227	311.414	2.827	46.683	16.464	50.840	2.760	13.065	4.869	169.961	5.988	-2.557	0.514		151.234				0.000	1695.064	311.414	25.594	0.169	605.000	605.000	29660.000	30039.000	21.000	21.000	1891.000	20.000	0.990	21.000	21.000	1891.000	20.000	0.990
302	aa-rwlt-coding-agent-010	63	61143	1075	60484	413.383	1.589	2028.953	334.204	3.349	47.685	16.798	62.098	2.820	13.762	4.860	178.748	6.251	-2.648	0.481		157.693				0.000	692.560	334.204	48.750	0.309	607.000	607.000	30042.000	30198.000	40.000	40.000	1911.000	39.000	0.980	40.000	40.000	1911.000	39.000	0.980
303	aa-rwlt-coding-agent-010	64	62395	436	61143	437.553	1.602	1049.978	305.039	2.795	47.973	16.604	32.156	2.503	13.454	4.983	180.623	6.245	-2.811	0.514		159.803				0.000	394.888	305.039	18.281	0.114	609.000	609.000	30201.000	30290.000	15.000	15.000	1950.000	14.000	0.993	15.000	15.000	1950.000	14.000	0.993
304	aa-rwlt-coding-agent-010	65	62837	217	62395	407.359	2.051	723.569	321.555	2.901	48.790	17.084	43.846	2.869	13.568	5.575	183.038	5.839	-2.446	0.491		162.405				0.000	301.240	321.555	21.938	0.135	611.000	611.000	30293.000	30361.000	18.000	18.000	1964.000	17.000	0.991	18.000	18.000	1964.000	17.000	0.991
305	aa-rwlt-coding-agent-010	66	63368	157	62837	423.919	2.311	646.102	331.352	2.884	50.151	17.042	47.108	2.863	13.605	5.204	188.140	7.609	-3.890	0.636		167.229				0.000	523.318	331.352	30.469	0.182	613.000	613.000	30364.000	30481.000	25.000	25.000	1981.000	24.000	0.988	25.000	25.000	1981.000	24.000	0.988
306	aa-rwlt-coding-agent-010	67	64141	362	63368	436.406	1.467	879.822	313.819	2.748	49.955	17.038	31.675	2.703	13.610	5.142	187.559	6.589	-3.697	0.497		166.740				0.000	3259.950	313.819	14.625	0.088	615.000	615.000	30484.000	31212.000	12.000	12.000	2005.000	11.000	0.995	12.000	12.000	2005.000	11.000	0.995
307	aa-rwlt-coding-agent-010	68	64511	2060	64141	419.225	1.599	3599.325	323.451	2.967	50.639	17.692	31.295	3.038	14.070	5.398	192.143	7.021	-1.299	0.487		170.742				0.000	572.754	323.451	13.406	0.079	617.000	617.000	31215.000	31342.000	12.000	12.000	2016.000	11.000	0.995	11.000	11.000	2017.000	10.000	0.995
308	aa-rwlt-coding-agent-010	69	64846	439	64511	427.757	1.219	919.163	325.461	2.935	51.019	17.985	33.124	2.822	14.041	5.269	194.932	6.126	-3.169	0.377		173.672				0.000	1066.985	325.461	18.281	0.105	619.000	619.000	31345.000	31582.000	15.000	15.000	2027.000	14.000	0.993	15.000	15.000	2027.000	14.000	0.993
309	aa-rwlt-coding-agent-010	70	65309	569	64846	430.753	1.932	1418.267	352.025	3.115	51.573	17.538	54.018	2.735	14.455	5.342	197.969	6.344	-1.573	0.509		176.552				0.000	645.435	352.025	24.375	0.138	621.000	621.000	31585.000	31729.000	21.000	21.000	2041.000	20.000	0.990	20.000	20.000	2042.000	19.000	0.991
310	aa-rwlt-coding-agent-010	71	65936	507	65309	456.552	1.260	1021.266	347.361	2.891	52.188	17.742	45.582	2.825	14.343	5.368	202.214	6.239	-2.567	0.536		180.500				0.000	5027.605	347.361	21.938	0.122	623.000	623.000	31732.000	32854.000	18.000	18.000	2061.000	17.000	0.992	18.000	18.000	2061.000	17.000	0.992
311	aa-rwlt-coding-agent-010	72	66489	3267	65936	451.891	1.541	5400.644	357.061	3.520	53.029	18.640	47.256	2.831	14.821	5.710	206.813	7.163	-3.190	0.468		184.932				0.000	151.667	357.061	26.812	0.145	625.000	625.000	32857.000	32891.000	22.000	22.000	2078.000	21.000	0.990	22.000	22.000	2078.000	21.000	0.990
312	aa-rwlt-coding-agent-010	73	67138	89	66489	463.420	2.374	534.898	361.912	2.986	53.436	18.046	49.539	2.738	14.440	5.478	211.426	6.651	-3.296	0.468		189.247				0.000	106.651	361.912	31.688	0.167	627.000	627.000	32894.000	32918.000	26.000	26.000	2099.000	25.000	0.988	26.000	26.000	2099.000	25.000	0.988
313	aa-rwlt-coding-agent-010	74	67954	67	67138	468.057	0.882	494.764	366.671	3.030	53.947	18.047	48.155	2.621	14.452	5.279	215.973	6.663	-1.961	0.465		193.507				0.000	2422.114	366.671	29.250	0.151	629.000	629.000	32921.000	33458.000	24.000	24.000	2124.000	23.000	0.989	24.000	24.000	2124.000	23.000	0.989
314	aa-rwlt-coding-agent-010	75	68686	1594	67954	471.455	1.523	2814.213	352.601	3.262	54.372	18.666	31.172	2.965	14.874	6.015	218.009	6.302	-3.564	0.528		195.493				0.000	103.123	352.601	7.312	0.037	631.000	631.000	33461.000	33484.000	6.000	6.000	2147.000	5.000	0.998	6.000	6.000	2147.000	5.000	0.998
315	aa-rwlt-coding-agent-010	76	68849	66	68686	459.876	1.860	482.457	358.016	3.087	54.555	18.227	33.688	2.812	14.684	5.527	220.559	6.251	-1.837	0.463		198.116				0.000	187.550	358.016	17.062	0.086	633.000	633.000	33487.000	33529.000	14.000	14.000	2152.000	13.000	0.994	14.000	14.000	2152.000	13.000	0.994
316	aa-rwlt-coding-agent-010	77	69259	89	68849	463.813	2.212	570.267	357.646	3.108	55.519	18.486	31.367	2.839	14.627	5.422	221.879	6.561	-2.644	0.482		199.914				0.000	652.836	357.646	12.188	0.061	635.000	635.000	33532.000	33676.000	10.000	10.000	2165.000	9.000	0.996	10.000	10.000	2165.000	9.000	0.996
