match_idx	conversation_id	conversation_idx	input_tokens	output_tokens	cached_tokens	ttft_client_ms	itl_client_ms	elapsed_client_ms	ttft_server_ms	srv_preproc_ms	queue_ms	prefill_ms	srv_postproc_ms	gpu_forward_ms	gpu_sample_ms	prefill_host_ms	decode_ms	end_to_end_ms	first_iter	last_iter	kv_blocks_total	kv_blocks_new	kv_blocks_reused	kv_blocks_missed	kv_block_reuse_ratio
0	aa-rwlt-coding-agent-056	0	9572	86	0	1241.823	2.150	1290.171	322.878	110.727	5.330	99.454	107.367				154.389	369.900	1.000	37.000	600.000	600.000	0.000	600.000	0.000
1	aa-rwlt-coding-agent-056	1	9885	57	9575	154.939	0.095	156.987	151.012	6.710	3.758	36.851	103.693				104.789	152.108	39.000	64.000	20.000	20.000	600.000	18.000	0.971
2	aa-rwlt-coding-agent-056	2	9940	32	9888	166.682	0.010	167.099	162.140	6.639	3.627	33.201	118.673				54.401	97.868	66.000	79.000	4.000	4.000	618.000	4.000	0.994
3	aa-rwlt-coding-agent-056	3	13397	55	9943	182.398	0.153	185.991	178.376	8.355	4.556	62.687	102.778				104.988	180.586	81.000	106.000	218.000	218.000	622.000	216.000	0.742
4	aa-rwlt-coding-agent-056	4	16591	54	13400	170.165	0.293	178.376	86.771	9.817	5.290	69.481	2.183				88.430	173.018	108.000	129.000	202.000	202.000	838.000	200.000	0.807
5	aa-rwlt-coding-agent-056	5	32109	271	16594	359.932	2.184	779.603	269.497	16.917	9.406	241.115	2.059				505.699	773.137	131.000	243.000	972.000	972.000	1038.000	970.000	0.517
6	aa-rwlt-coding-agent-056	6	32589	1959	32112	161.405	1.755	3476.449	70.851	17.182	9.334	42.355	1.980				3399.961	3468.832	245.000	994.000	32.000	32.000	2008.000	30.000	0.985
7	aa-rwlt-coding-agent-056	7	35646	68	32592	292.676	1.930	333.518	114.322	18.306	10.351	83.838	1.827				125.856	238.351	996.000	1024.000	192.000	192.000	2038.000	190.000	0.915
8	aa-rwlt-coding-agent-056	8	54128	322	35649	533.852	2.183	1058.037	441.682	25.801	13.727	400.360	1.794				610.730	1050.618	1026.000	1158.000	1156.000	1156.000	2230.000	1154.000	0.659
9	aa-rwlt-coding-agent-056	9	54803	54	54131	197.174	0.534	210.839	97.037	25.838	14.880	54.191	2.128				99.854	194.763	1160.000	1182.000	44.000	44.000	3384.000	42.000	0.988
10	aa-rwlt-coding-agent-056	10	54870	59	54806	165.063	0.212	173.230	76.514	26.744	14.188	32.893	2.689				91.880	165.705	1184.000	1205.000	6.000	6.000	3426.000	4.000	0.999
11	aa-rwlt-coding-agent-056	11	54962	47	54874	169.491	0.825	191.275	76.057	26.857	14.380	33.162	1.658				105.509	179.908	1207.000	1231.000	8.000	8.000	3430.000	6.000	0.998
12	aa-rwlt-coding-agent-056	12	55231	68	54965	172.158	1.606	215.831	82.996	27.694	14.420	38.470	2.412				127.117	207.701	1233.000	1262.000	18.000	18.000	3436.000	16.000	0.995
13	aa-rwlt-coding-agent-056	13	55433	58	55234	174.130	1.046	213.132	83.875	27.768	14.480	39.968	1.659				122.734	204.950	1264.000	1292.000	14.000	14.000	3454.000	12.000	0.997
14	aa-rwlt-coding-agent-056	14	55839	983	55437	180.341	1.497	1579.020	80.884	27.455	14.717	37.222	1.490				1482.060	1561.454	1294.000	1626.000	26.000	26.000	3466.000	24.000	0.993
15	aa-rwlt-coding-agent-056	15	56084	1010	55842	204.072	1.739	1857.919	79.905	28.047	14.629	35.512	1.717				1737.974	1816.162	1628.000	2016.000	16.000	16.000	3492.000	14.000	0.996
16	aa-rwlt-coding-agent-056	16	57110	52	56089	228.788	0.306	237.684	99.857	28.684	15.177	53.447	2.549				92.744	190.052	2018.000	2039.000	66.000	66.000	3506.000	64.000	0.982
17	aa-rwlt-coding-agent-056	17	57613	199	57113	170.068	2.120	477.756	79.605	29.567	14.893	33.375	1.770				390.729	468.564	2041.000	2130.000	34.000	34.000	3570.000	32.000	0.991
18	aa-rwlt-coding-agent-056	18	60098	56	57616	236.557	0.351	245.690	148.169	30.872	15.580	96.725	4.992				93.220	236.397	2132.000	2153.000	158.000	158.000	3602.000	156.000	0.958
19	aa-rwlt-coding-agent-056	19	60221	128	60104	177.671	2.412	368.509	86.168	31.325	15.821	37.230	1.792				274.659	359.035	2155.000	2217.000	8.000	8.000	3758.000	6.000	0.998
20	aa-rwlt-coding-agent-056	20	60389	238	60224	178.278	2.241	588.662	86.796	31.555	15.891	37.752	1.598				493.356	578.554	2219.000	2330.000	12.000	12.000	3764.000	12.000	0.997
21	aa-rwlt-coding-agent-056	21	60460	75	60392	174.381	1.835	227.913	81.634	31.146	15.719	33.151	1.618				137.911	217.927	2332.000	2363.000	6.000	6.000	3776.000	4.000	0.999
22	aa-rwlt-coding-agent-056	22	60549	50	60466	168.135	0.006	168.546	76.766	31.787	15.969	26.260	2.750				84.081	158.097	2365.000	2384.000	8.000	8.000	3780.000	6.000	0.998
23	aa-rwlt-coding-agent-056	23	61851	131	60552	212.672	2.145	367.432	120.288	32.988	16.206	69.495	1.599				237.906	356.595	2386.000	2440.000	82.000	82.000	3786.000	80.000	0.979
24	aa-rwlt-coding-agent-056	24	62073	152	61855	178.910	1.486	338.176	87.161	33.338	16.027	35.383	2.413				242.242	326.990	2442.000	2496.000	16.000	16.000	3866.000	14.000	0.996
25	aa-rwlt-coding-agent-056	25	62284	58	62076	182.389	0.729	208.946	89.860	34.295	16.787	36.841	1.937				109.695	197.618	2498.000	2523.000	16.000	16.000	3880.000	14.000	0.996
26	aa-rwlt-coding-agent-056	26	62585	215	62288	181.189	1.909	488.819	88.773	34.133	16.162	36.700	1.778				390.753	477.748	2525.000	2613.000	20.000	20.000	3894.000	18.000	0.995
27	aa-rwlt-coding-agent-056	27	63646	65	62588	214.693	0.862	245.194	121.096	34.749	16.323	68.412	1.612				114.263	233.747	2615.000	2641.000	68.000	68.000	3912.000	66.000	0.983
28	aa-rwlt-coding-agent-056	28	63975	100	63649	183.873	2.920	286.400	91.181	35.367	16.595	37.538	1.681				185.315	274.815	2643.000	2685.000	22.000	22.000	3980.000	20.000	0.995
29	aa-rwlt-coding-agent-056	29	64114	355	63981	184.426	1.826	732.379	91.137	35.785	16.601	37.154	1.597				631.038	720.578	2687.000	2829.000	10.000	10.000	4000.000	8.000	0.998
30	aa-rwlt-coding-agent-056	30	65595	3552	64117	230.248	1.483	5393.031	139.023	36.646	16.725	79.583	6.069				5246.766	5379.720	2831.000	3997.000	94.000	94.000	4008.000	92.000	0.978
31	aa-rwlt-coding-agent-056	31	66002	318	65598	296.087	1.754	738.336	90.502	36.972	18.881	32.446	2.203				527.708	616.007	3999.000	4117.000	28.000	28.000	4100.000	26.000	0.994
32	aa-rwlt-coding-agent-056	32	66227	67	66005	183.648	1.264	219.364	86.539	36.954	17.244	30.427	1.914				119.912	204.537	4119.000	4146.000	16.000	16.000	4126.000	14.000	0.997
33	aa-rwlt-coding-agent-056	33	66323	155	66232	184.025	0.868	302.408	88.695	37.353	17.087	32.359	1.896				200.044	286.843	4148.000	4193.000	8.000	8.000	4140.000	6.000	0.999
34	aa-rwlt-coding-agent-056	34	67147	2345	66333	214.014	1.480	3587.741	119.445	37.998	17.770	61.601	2.076				3456.942	3574.311	4195.000	4962.000	54.000	54.000	4146.000	52.000	0.988
35	aa-rwlt-coding-agent-056	35	68253	133	67150	287.282	2.365	443.714	124.035	38.552	18.460	64.819	2.204				239.532	361.363	4964.000	5018.000	70.000	70.000	4198.000	68.000	0.984
36	aa-rwlt-coding-agent-056	36	68643	528	68256	191.550	1.793	986.067	95.638	39.100	17.216	37.647	1.675				878.262	972.225	5020.000	5216.000	26.000	26.000	4266.000	26.000	0.994
37	aa-rwlt-coding-agent-056	37	69713	226	68646	230.514	2.086	570.802	123.627	39.803	17.694	64.420	1.710				424.771	546.688	5218.000	5313.000	68.000	68.000	4292.000	66.000	0.985
38	aa-rwlt-coding-agent-056	38	70416	295	69716	215.227	1.831	631.195	117.717	40.362	17.828	57.073	2.454				502.148	617.411	5315.000	5426.000	46.000	46.000	4358.000	44.000	0.990
39	aa-rwlt-coding-agent-056	39	72144	618	70422	245.412	1.891	1295.441	148.199	41.601	18.849	85.334	2.415				1133.808	1279.592	5428.000	5681.000	110.000	110.000	4402.000	108.000	0.976
40	aa-rwlt-coding-agent-056	40	74847	73	72147	291.014	1.430	327.068	177.578	42.346	19.455	113.683	2.094				121.068	296.552	5683.000	5710.000	170.000	170.000	4510.000	168.000	0.964
41	aa-rwlt-coding-agent-056	41	75142	1200	74850	205.709	3.055	2264.971	99.557	44.495	19.442	33.552	2.068				2152.444	2249.933	5712.000	6191.000	20.000	20.000	4680.000	18.000	0.996
42	aa-rwlt-coding-agent-056	42	75339	53	75146	236.144	0.777	258.972	96.797	43.467	19.054	32.240	2.036				108.282	203.043	6193.000	6217.000	14.000	14.000	4698.000	12.000	0.997
43	aa-rwlt-coding-agent-056	43	75963	60	75342	222.653	1.606	258.306	124.382	45.251	19.455	57.657	2.019				121.026	243.389	6219.000	6246.000	40.000	40.000	4710.000	38.000	0.992
44	aa-rwlt-coding-agent-056	44	76046	78	75966	200.868	2.346	269.210	102.790	44.725	22.863	32.928	2.274				152.841	253.357	6248.000	6282.000	8.000	8.000	4748.000	6.000	0.999
45	aa-rwlt-coding-agent-056	45	76134	118	76049	195.706	2.404	364.314	96.557	44.717	19.366	30.372	2.102				253.553	348.008	6284.000	6340.000	8.000	8.000	4754.000	6.000	0.999
46	aa-rwlt-coding-agent-056	46	76674	49	76139	225.500	0.338	234.249	127.302	45.226	19.576	60.518	1.982				93.564	218.884	6342.000	6363.000	36.000	36.000	4760.000	34.000	0.993
47	aa-rwlt-coding-agent-056	47	76786	52	76677	201.475	0.004	201.887	102.396	46.421	19.469	34.496	2.010				85.434	185.820	6365.000	6384.000	8.000	8.000	4794.000	6.000	0.999
48	aa-rwlt-coding-agent-056	48	77071	186	76789	208.920	2.183	493.015	107.243	46.234	19.846	39.116	2.047				370.256	475.452	6386.000	6468.000	20.000	20.000	4800.000	18.000	0.996
49	aa-rwlt-coding-agent-056	49	77192	65	77074	204.317	1.309	236.039	105.464	46.621	24.771	31.952	2.120				116.531	219.875	6470.000	6496.000	10.000	10.000	4818.000	8.000	0.998
50	aa-rwlt-coding-agent-056	50	77317	53	77195	202.250	0.767	220.208	103.357	46.555	19.633	35.222	1.947				102.630	204.040	6498.000	6521.000	10.000	10.000	4826.000	8.000	0.998
51	aa-rwlt-coding-agent-056	51	77747	89	77320	218.432	2.312	304.271	117.906	47.708	19.772	48.860	1.566				170.828	287.168	6523.000	6561.000	28.000	28.000	4834.000	26.000	0.995
52	aa-rwlt-coding-agent-056	52	77928	62	77750	204.554	1.029	231.627	106.104	47.784	20.010	34.882	3.428				112.043	214.719	6563.000	6588.000	14.000	14.000	4860.000	12.000	0.998
53	aa-rwlt-coding-agent-056	53	78222	103	77931	209.057	1.047	285.776	108.665	48.661	20.447	37.913	1.644				161.426	268.447	6590.000	6626.000	20.000	20.000	4872.000	18.000	0.996
54	aa-rwlt-coding-agent-056	54	78344	55	78225	203.962	0.004	204.361	103.296	48.602	20.273	32.004	2.417				85.590	186.469	6628.000	6647.000	10.000	10.000	4890.000	8.000	0.998
55	aa-rwlt-coding-agent-056	55	78503	54	78351	218.024	0.004	218.429	116.647	48.802	20.094	46.179	1.572				85.463	200.538	6649.000	6668.000	12.000	12.000	4898.000	10.000	0.998
56	aa-rwlt-coding-agent-056	56	78866	69	78506	221.861	1.270	271.708	120.170	49.055	20.100	48.574	2.441				135.788	253.517	6670.000	6700.000	24.000	24.000	4908.000	22.000	0.996
57	aa-rwlt-coding-agent-056	57	79842	152	78870	230.364	1.430	380.873	128.916	50.354	20.447	56.372	1.743				235.817	362.990	6702.000	6754.000	64.000	64.000	4930.000	62.000	0.988
58	aa-rwlt-coding-agent-056	58	80817	5726	79851	230.877	1.850	9854.059	130.229	50.833	20.429	56.524	2.443				9706.154	9833.940	6756.000	8892.000	62.000	62.000	4992.000	60.000	0.988
59	aa-rwlt-coding-agent-056	59	81600	73	80820	333.814	0.661	361.223	135.260	51.185	21.681	60.719	1.675				112.353	245.938	8894.000	8919.000	50.000	50.000	5052.000	48.000	0.991
60	aa-rwlt-coding-agent-056	60	81683	63	81605	212.684	0.222	221.684	111.228	51.733	21.013	35.860	2.622				94.767	203.373	8921.000	8942.000	6.000	6.000	5102.000	4.000	0.999
61	aa-rwlt-coding-agent-011	0	11330	63	2068	191.031	1.744	227.957	105.400	6.555	4.332	92.817	1.696				119.884	223.588	8944.000	8972.000	582.000	582.000	130.000	580.000	0.183
62	aa-rwlt-coding-agent-011	1	11832	39	11333	119.436	0.661	127.692	37.468	6.982	4.203	24.265	2.018				87.512	122.962	8974.000	8995.000	32.000	32.000	710.000	30.000	0.959
63	aa-rwlt-coding-agent-011	2	11974	50	11835	119.414	1.095	140.521	37.540	7.429	4.244	24.158	1.709				99.846	135.677	8997.000	9021.000	12.000	12.000	740.000	10.000	0.987
64	aa-rwlt-coding-agent-011	3	12045	45	11977	123.497	0.005	127.195	41.376	7.861	4.123	27.146	2.246				83.423	122.553	9023.000	9043.000	6.000	6.000	750.000	4.000	0.995
65	aa-rwlt-coding-agent-011	4	14404	66	12048	153.129	2.853	199.086	68.955	9.223	4.639	53.610	1.483				126.011	193.483	9045.000	9075.000	150.000	150.000	754.000	148.000	0.836
66	aa-rwlt-coding-agent-011	5	16329	54	14407	144.807	0.826	165.770	61.027	10.052	5.192	44.195	1.588				100.445	159.884	9077.000	9101.000	122.000	122.000	902.000	120.000	0.883
67	aa-rwlt-coding-agent-011	6	16845	59	16332	138.954	0.243	147.042	55.435	10.811	5.291	37.744	1.589				87.537	141.383	9103.000	9124.000	34.000	34.000	1022.000	32.000	0.970
68	aa-rwlt-coding-agent-011	7	17244	55	16851	118.083	0.003	118.474	42.970	11.150	5.351	24.251	2.218				71.127	111.879	9126.000	9143.000	26.000	26.000	1054.000	24.000	0.978
69	aa-rwlt-coding-agent-011	8	21037	559	17253	181.729	1.775	1083.714	95.504	13.225	6.297	74.452	1.530				982.919	1076.893	9145.000	9376.000	238.000	238.000	1080.000	236.000	0.821
70	aa-rwlt-coding-agent-011	9	21266	50	21040	152.069	0.004	152.466	49.728	13.738	6.258	28.104	1.628				80.138	128.238	9378.000	9397.000	16.000	16.000	1316.000	14.000	0.989
71	aa-rwlt-coding-agent-011	10	21572	36	21269	115.978	0.009	116.373	48.186	14.166	6.479	25.305	2.236				63.117	109.067	9399.000	9414.000	22.000	22.000	1330.000	20.000	0.985
72	aa-rwlt-coding-agent-011	11	21809	44	21575	133.090	0.286	137.527	47.357	14.479	6.712	24.481	1.685				84.712	130.384	9416.000	9436.000	16.000	16.000	1350.000	14.000	0.990
73	aa-rwlt-coding-agent-011	12	22017	51	21812	132.854	1.731	153.936	48.142	14.907	6.657	24.526	2.052				100.669	146.759	9438.000	9462.000	16.000	16.000	1364.000	14.000	0.990
74	aa-rwlt-coding-agent-011	13	22908	130	22020	149.579	1.872	280.904	63.695	16.233	6.598	39.289	1.575				211.161	273.281	9464.000	9514.000	56.000	56.000	1378.000	54.000	0.962
75	aa-rwlt-coding-agent-011	14	23491	1597	22911	140.698	1.746	2826.229	54.184	16.050	6.926	29.233	1.975				2765.670	2817.879	9516.000	10164.000	40.000	40.000	1432.000	38.000	0.974
76	aa-rwlt-coding-agent-011	15	27221	425	23494	258.951	1.919	943.999	106.140	17.763	7.944	78.857	1.576				765.836	870.400	10166.000	10346.000	234.000	234.000	1470.000	232.000	0.864
77	aa-rwlt-coding-agent-011	16	28017	735	27224	161.713	1.850	1412.646	60.532	18.388	8.103	31.702	2.339				1331.065	1389.258	10348.000	10659.000	52.000	52.000	1702.000	50.000	0.971
78	aa-rwlt-coding-agent-011	17	28537	1482	28020	172.032	1.780	2709.457	58.806	18.963	8.557	29.311	1.975				2617.749	2674.580	10661.000	11270.000	34.000	34.000	1752.000	32.000	0.982
79	aa-rwlt-coding-agent-011	18	29706	132	28540	226.086	2.252	388.526	75.746	19.574	8.626	45.473	2.073				242.631	316.304	11272.000	11329.000	76.000	76.000	1784.000	74.000	0.960
80	aa-rwlt-coding-agent-011	19	30236	50	29709	148.530	0.004	148.924	60.181	20.270	8.635	29.596	1.680				81.051	139.552	11331.000	11350.000	34.000	34.000	1858.000	32.000	0.983
81	aa-rwlt-coding-agent-011	20	30729	1354	30239	149.026	1.770	2440.122	60.476	20.953	8.572	29.049	1.902				2371.349	2429.923	11352.000	11906.000	34.000	34.000	1890.000	32.000	0.983
82	aa-rwlt-coding-agent-011	21	31652	1275	30734	217.246	1.798	2386.606	73.182	21.516	9.485	40.422	1.759				2249.016	2320.439	11908.000	12430.000	60.000	60.000	1922.000	58.000	0.971
83	aa-rwlt-coding-agent-011	22	32271	1135	31655	207.945	1.667	1978.364	65.608	22.093	9.131	32.307	2.077				1851.724	1915.255	12432.000	12862.000	40.000	40.000	1980.000	38.000	0.981
84	aa-rwlt-coding-agent-011	23	32626	62	32280	195.188	0.472	212.490	63.502	22.769	9.805	29.305	1.623				99.179	161.058	12864.000	12887.000	24.000	24.000	2018.000	22.000	0.989
85	aa-rwlt-coding-agent-011	24	33192	74	32629	160.579	1.134	190.379	70.958	22.997	9.265	36.487	2.209				111.506	180.255	12889.000	12915.000	38.000	38.000	2040.000	36.000	0.983
86	aa-rwlt-coding-agent-011	25	34095	553	33196	160.707	1.481	905.933	70.099	23.998	9.414	35.063	1.624				826.928	895.403	12917.000	13107.000	58.000	58.000	2076.000	56.000	0.974
87	aa-rwlt-coding-agent-011	26	36170	1461	34098	201.669	1.631	2488.168	100.096	25.067	10.039	63.496	1.494				2367.295	2465.897	13109.000	13658.000	132.000	132.000	2132.000	130.000	0.943
88	aa-rwlt-coding-agent-011	27	37095	135	36177	220.355	2.034	377.281	74.682	25.784	10.304	36.506	2.088				238.885	311.479	13660.000	13715.000	60.000	60.000	2262.000	58.000	0.975
89	aa-rwlt-coding-agent-011	28	37621	1000	37098	163.036	1.579	1650.436	71.628	26.150	10.178	33.314	1.986				1569.538	1639.180	13717.000	14079.000	34.000	34.000	2320.000	32.000	0.986
90	aa-rwlt-coding-agent-011	29	38517	93	37624	198.090	1.414	254.961	76.391	26.966	10.402	37.062	1.961				139.269	213.699	14081.000	14113.000	58.000	58.000	2352.000	56.000	0.977
91	aa-rwlt-coding-agent-011	30	38712	67	38520	160.217	0.539	182.096	68.655	27.284	10.476	28.896	1.999				103.912	170.568	14115.000	14139.000	14.000	14.000	2408.000	12.000	0.995
92	aa-rwlt-coding-agent-011	31	39069	133	38715	168.090	1.176	289.510	75.891	27.991	18.438	27.565	1.897				203.710	277.704	14141.000	14188.000	24.000	24.000	2420.000	22.000	0.991
93	aa-rwlt-coding-agent-011	32	40019	84	39072	172.258	3.597	258.880	79.764	28.515	11.023	38.041	2.185				168.263	245.842	14190.000	14229.000	60.000	60.000	2442.000	60.000	0.976
94	aa-rwlt-coding-agent-011	33	40687	534	40022	177.826	1.530	903.583	84.927	29.179	11.690	42.486	1.572				807.622	890.977	14231.000	14417.000	44.000	44.000	2502.000	42.000	0.983
95	aa-rwlt-coding-agent-011	34	41360	248	40690	181.603	1.577	468.976	79.378	29.626	11.080	36.394	2.278				369.395	446.495	14419.000	14504.000	44.000	44.000	2544.000	42.000	0.984
96	aa-rwlt-coding-agent-011	35	42434	75	41364	188.602	0.741	219.316	95.042	30.460	11.297	51.323	1.962				113.241	206.321	14506.000	14532.000	70.000	70.000	2586.000	68.000	0.974
97	aa-rwlt-coding-agent-011	36	42830	140	42437	165.155	1.821	314.752	71.619	31.020	11.484	27.020	2.095				232.066	301.590	14534.000	14587.000	26.000	26.000	2654.000	24.000	0.991
98	aa-rwlt-coding-agent-011	37	43070	161	42837	168.539	1.648	335.261	74.558	31.328	12.189	29.464	1.577				248.850	321.831	14589.000	14646.000	16.000	16.000	2678.000	14.000	0.995
99	aa-rwlt-coding-agent-011	38	43275	93	43074	166.534	1.171	214.890	71.903	31.529	11.605	26.491	2.278				131.265	200.890	14648.000	14678.000	14.000	14.000	2694.000	12.000	0.996
100	aa-rwlt-coding-agent-011	39	43739	491	43279	182.253	1.287	734.648	73.987	31.940	11.661	28.353	2.033				635.408	707.362	14680.000	14825.000	30.000	30.000	2706.000	28.000	0.990
101	aa-rwlt-coding-agent-011	40	44291	110	43742	182.129	2.163	281.911	81.884	32.243	11.685	36.408	1.548				182.660	262.996	14827.000	14869.000	38.000	38.000	2734.000	36.000	0.987
102	aa-rwlt-coding-agent-011	41	44622	388	44300	168.602	1.338	599.609	73.187	32.839	11.948	26.725	1.675				513.629	585.141	14871.000	14989.000	22.000	22.000	2770.000	20.000	0.993
103	aa-rwlt-coding-agent-011	42	45063	92	44625	182.453	2.613	261.150	88.218	33.890	12.001	39.738	2.589				160.749	246.378	14991.000	15028.000	30.000	30.000	2790.000	28.000	0.990
104	aa-rwlt-coding-agent-011	43	45729	70	45066	181.595	1.186	237.623	86.592	34.271	12.137	38.268	1.916				138.002	222.678	15030.000	15062.000	44.000	44.000	2818.000	42.000	0.985
105	aa-rwlt-coding-agent-011	44	45902	648	45733	170.385	2.030	1354.473	75.610	34.680	12.824	26.209	1.897				1264.607	1338.320	15064.000	15354.000	12.000	12.000	2860.000	10.000	0.997
106	aa-rwlt-coding-agent-011	45	46664	113	45905	203.619	2.403	316.881	89.137	35.121	12.476	39.490	2.050				195.375	282.462	15356.000	15401.000	50.000	50.000	2870.000	48.000	0.984
107	aa-rwlt-coding-agent-011	46	47357	89	46669	186.063	2.560	260.587	89.932	36.089	12.554	39.181	2.108				156.854	244.678	15403.000	15439.000	44.000	44.000	2918.000	42.000	0.986
108	aa-rwlt-coding-agent-011	47	47651	64	47360	174.210	0.003	174.615	77.153	36.343	12.598	26.331	1.881				83.452	158.724	15441.000	15460.000	20.000	20.000	2960.000	20.000	0.993
109	aa-rwlt-coding-agent-011	48	47894	252	47654	175.687	1.578	472.597	78.593	36.625	12.682	27.279	2.007				380.245	456.831	15462.000	15548.000	16.000	16.000	2980.000	14.000	0.995
110	aa-rwlt-coding-agent-011	49	48168	56	47901	176.988	0.221	185.260	80.042	37.078	12.965	26.985	3.014				92.096	169.124	15550.000	15571.000	20.000	20.000	2994.000	18.000	0.994
111	aa-rwlt-coding-agent-011	50	48557	317	48173	189.431	1.393	532.482	90.851	37.547	12.901	38.431	1.972				427.516	516.395	15573.000	15670.000	26.000	26.000	3012.000	24.000	0.992
112	aa-rwlt-coding-agent-011	51	48825	219	48562	183.301	1.308	364.134	85.971	37.710	12.953	33.398	1.910				263.855	347.916	15672.000	15732.000	18.000	18.000	3036.000	16.000	0.995
113	aa-rwlt-coding-agent-011	52	49050	68	48835	176.480	1.956	219.825	79.028	37.918	12.834	26.527	1.749				125.692	202.971	15734.000	15763.000	14.000	14.000	3054.000	12.000	0.996
114	aa-rwlt-coding-agent-011	53	49178	60	49055	183.749	0.233	192.479	85.825	38.674	18.466	26.551	2.134				91.972	175.663	15765.000	15786.000	10.000	10.000	3066.000	8.000	0.997
115	aa-rwlt-coding-agent-011	54	49425	193	49182	178.657	1.382	346.175	80.699	39.058	13.250	26.512	1.879				250.013	328.833	15788.000	15845.000	18.000	18.000	3074.000	16.000	0.995
116	aa-rwlt-coding-agent-011	55	49584	1027	49428	183.744	1.547	1685.971	86.236	39.170	17.577	27.315	2.174				1584.056	1668.118	15847.000	16209.000	12.000	12.000	3090.000	10.000	0.997
117	aa-rwlt-coding-agent-011	56	49584	1027	49583	203.648	1.537	1696.538	79.788	39.444	13.170	24.947	2.227				1574.484	1652.045	16211.000	16572.000	2.000	2.000	3100.000	0.000	1.000
118	aa-rwlt-coding-agent-011	57	50756	343	49591	233.696	1.870	755.830	109.424	39.852	13.645	53.824	2.103				604.947	712.268	16574.000	16712.000	76.000	76.000	3100.000	74.000	0.977
119	aa-rwlt-coding-agent-011	58	51837	514	50759	211.238	1.295	795.424	111.065	41.430	13.918	53.537	2.180				668.025	776.910	16714.000	16865.000	68.000	68.000	3174.000	66.000	0.980
120	aa-rwlt-coding-agent-011	59	52166	102	51842	187.908	2.222	277.085	87.031	41.718	14.246	28.913	2.154				171.742	256.619	16867.000	16906.000	22.000	22.000	3242.000	20.000	0.994
121	aa-rwlt-coding-agent-011	60	53113	349	52174	201.446	1.528	698.277	102.311	42.593	13.886	43.743	2.089				579.773	679.995	16908.000	17039.000	60.000	60.000	3262.000	58.000	0.983
122	aa-rwlt-coding-agent-011	61	53463	65	53120	193.906	1.896	241.644	94.056	42.915	15.511	33.898	1.732				130.961	223.285	17041.000	17071.000	22.000	22.000	3320.000	22.000	0.993
123	aa-rwlt-coding-agent-011	62	54230	178	53466	202.116	1.433	425.936	102.968	43.223	14.281	42.981	2.483				306.990	407.475	17073.000	17142.000	50.000	50.000	3342.000	48.000	0.986
124	aa-rwlt-coding-agent-051	0	9561	139	2109	173.138	2.508	404.174	86.439	5.471	3.795	75.435	1.738				314.274	398.975	17144.000	17218.000	468.000	468.000	132.000	466.000	0.221
125	aa-rwlt-coding-agent-051	1	17872	229	9564	215.201	2.046	571.434	129.077	9.574	5.459	112.420	1.624				438.989	566.442	17220.000	17322.000	522.000	522.000	598.000	520.000	0.535
126	aa-rwlt-coding-agent-051	2	18248	207	17875	134.674	2.039	440.811	41.843	9.813	5.772	24.441	1.817				385.943	425.969	17324.000	17415.000	26.000	26.000	1118.000	24.000	0.979
127	aa-rwlt-coding-agent-051	3	19058	63	18253	132.048	1.649	170.294	45.872	10.433	5.907	27.878	1.654				120.647	164.865	17417.000	17445.000	52.000	52.000	1142.000	50.000	0.958
128	aa-rwlt-coding-agent-051	4	20372	53	19061	138.512	0.837	159.754	54.803	11.318	6.096	35.235	2.154				101.635	154.284	17447.000	17471.000	84.000	84.000	1192.000	82.000	0.936
129	aa-rwlt-coding-agent-051	5	20921	57	20375	130.698	1.446	159.924	45.759	12.191	6.225	25.613	1.730				110.160	154.189	17473.000	17499.000	36.000	36.000	1274.000	34.000	0.974
130	aa-rwlt-coding-agent-051	6	21454	45	20926	134.234	0.381	142.605	49.522	12.523	6.329	28.578	2.092				89.174	136.604	17501.000	17522.000	36.000	36.000	1308.000	34.000	0.975
131	aa-rwlt-coding-agent-051	7	28412	323	21457	233.122	1.620	635.100	146.558	15.811	7.969	121.076	1.702				483.606	628.462	17524.000	17636.000	436.000	436.000	1342.000	434.000	0.756
132	aa-rwlt-coding-agent-051	8	29702	430	28415	155.360	1.666	773.742	68.423	16.767	8.428	41.444	1.784				700.328	766.967	17638.000	17800.000	84.000	84.000	1776.000	82.000	0.956
133	aa-rwlt-coding-agent-051	9	30235	335	29705	147.210	1.662	602.936	57.148	17.074	8.505	29.921	1.648				540.688	596.188	17802.000	17927.000	34.000	34.000	1858.000	32.000	0.983
134	aa-rwlt-coding-agent-051	10	30442	44	30238	148.951	0.005	149.348	52.991	17.484	8.896	25.131	1.480				81.254	132.765	17929.000	17948.000	16.000	16.000	1890.000	14.000	0.993
135	aa-rwlt-coding-agent-051	11	30823	38	30447	118.794	0.005	119.194	54.358	18.062	8.671	25.377	2.248				59.447	111.557	17950.000	17964.000	26.000	26.000	1904.000	24.000	0.988
136	aa-rwlt-coding-agent-051	12	31224	303	30826	143.042	1.568	527.565	55.396	18.589	8.535	26.806	1.466				465.877	519.807	17966.000	18074.000	26.000	26.000	1928.000	24.000	0.988
137	aa-rwlt-coding-agent-051	13	32326	436	31238	158.864	1.934	901.803	71.368	19.331	9.092	41.575	1.370				823.819	893.817	18076.000	18266.000	70.000	70.000	1954.000	68.000	0.966
138	aa-rwlt-coding-agent-051	14	33966	214	32329	187.993	2.051	485.630	87.841	20.018	9.802	56.599	1.422				379.452	465.871	18268.000	18356.000	104.000	104.000	2022.000	102.000	0.952
139	aa-rwlt-coding-agent-051	15	37550	64	33969	221.922	0.640	235.044	134.266	21.915	11.633	98.637	2.081				94.805	226.990	18358.000	18380.000	226.000	226.000	2124.000	224.000	0.905
140	aa-rwlt-coding-agent-051	16	37865	223	37553	150.079	1.989	482.617	59.784	22.263	10.421	25.670	1.430				415.896	474.250	18382.000	18478.000	22.000	22.000	2348.000	20.000	0.992
141	aa-rwlt-coding-agent-051	17	40847	374	37868	208.972	1.909	793.403	120.500	23.958	10.964	83.469	2.109				665.852	784.243	18480.000	18633.000	188.000	188.000	2368.000	186.000	0.927
142	aa-rwlt-coding-agent-051	18	41231	696	40850	160.244	1.760	1276.782	71.088	24.561	11.245	33.581	1.701				1198.046	1267.433	18635.000	18911.000	26.000	26.000	2554.000	24.000	0.991
143	aa-rwlt-coding-agent-051	19	43644	196	41234	229.018	1.858	485.727	114.064	25.471	12.426	74.036	2.131				339.269	451.202	18913.000	18991.000	152.000	152.000	2578.000	150.000	0.945
144	aa-rwlt-coding-agent-051	20	43771	41	43650	141.743	0.005	142.137	68.715	25.950	11.562	29.309	1.894				65.369	132.190	18993.000	19008.000	8.000	8.000	2730.000	6.000	0.998
145	aa-rwlt-coding-agent-051	21	44171	200	43782	159.043	1.679	372.561	68.233	26.690	11.940	27.691	1.912				296.577	362.898	19010.000	19078.000	26.000	26.000	2738.000	24.000	0.991
146	aa-rwlt-coding-agent-051	22	45139	46	44182	177.039	0.007	177.425	90.912	27.359	12.997	49.005	1.551				77.750	167.111	19080.000	19098.000	62.000	62.000	2762.000	60.000	0.979
147	aa-rwlt-coding-agent-051	23	45228	84	45144	157.764	3.127	223.726	67.738	27.580	12.344	25.653	2.161				147.548	213.125	19100.000	19134.000	8.000	8.000	2822.000	6.000	0.998
148	aa-rwlt-coding-agent-051	24	45380	98	45231	166.603	2.633	266.974	68.048	28.054	12.099	26.446	1.449				190.131	256.730	19136.000	19180.000	12.000	12.000	2828.000	10.000	0.996
149	aa-rwlt-coding-agent-051	25	45436	72	45383	158.898	2.504	211.789	68.187	28.195	12.351	25.949	1.692				134.162	200.657	19182.000	19213.000	4.000	4.000	2838.000	2.000	0.999
150	aa-rwlt-coding-agent-051	26	45653	188	45442	159.243	2.179	445.036	69.105	28.813	12.145	26.106	2.041				367.377	434.441	19215.000	19299.000	14.000	14.000	2842.000	12.000	0.996
151	aa-rwlt-coding-agent-051	27	45744	123	45656	159.133	2.452	328.614	68.192	28.987	12.636	25.127	1.442				250.578	317.328	19301.000	19359.000	8.000	8.000	2854.000	6.000	0.998
152	aa-rwlt-coding-agent-051	28	48746	61	45747	229.761	0.929	251.451	136.716	30.522	13.130	91.622	1.442				104.495	239.769	19361.000	19385.000	190.000	190.000	2860.000	188.000	0.938
153	aa-rwlt-coding-agent-051	29	48814	53	48749	163.847	1.383	191.817	72.242	30.803	13.155	25.914	2.370				110.696	180.568	19387.000	19412.000	6.000	6.000	3048.000	4.000	0.999
154	aa-rwlt-coding-agent-051	30	49312	60	48817	169.412	0.466	186.981	77.659	31.247	13.403	30.417	2.592				100.382	175.449	19414.000	19437.000	32.000	32.000	3052.000	30.000	0.990
155	aa-rwlt-coding-agent-051	31	49749	59	49315	169.604	0.550	186.973	76.412	31.926	13.191	29.751	1.544				99.978	174.846	19439.000	19462.000	28.000	28.000	3084.000	26.000	0.992
156	aa-rwlt-coding-agent-051	32	50432	337	49752	235.279	2.024	816.553	94.198	32.608	14.142	44.889	2.559				663.255	754.894	19464.000	19616.000	44.000	44.000	3110.000	42.000	0.987
157	aa-rwlt-coding-agent-051	33	50969	150	50435	188.836	2.104	403.725	87.695	32.973	13.666	39.372	1.684				297.412	383.423	19618.000	19686.000	34.000	34.000	3154.000	32.000	0.990
158	aa-rwlt-coding-agent-051	34	51533	218	50972	184.557	1.950	502.650	89.594	33.699	13.719	39.831	2.345				402.341	489.590	19688.000	19779.000	38.000	38.000	3186.000	36.000	0.989
159	aa-rwlt-coding-agent-051	35	54397	53	51536	245.084	0.367	253.458	151.011	34.971	14.191	100.094	1.755				91.347	240.603	19781.000	19802.000	180.000	180.000	3222.000	178.000	0.948
160	aa-rwlt-coding-agent-051	36	54466	259	54400	171.807	2.056	591.555	78.575	35.384	14.578	26.397	2.216				502.073	578.432	19804.000	19918.000	6.000	6.000	3400.000	6.000	0.998
161	aa-rwlt-coding-agent-051	37	55077	237	54469	197.503	1.905	515.893	101.080	35.854	14.750	48.344	2.132				402.825	501.773	19920.000	20011.000	40.000	40.000	3406.000	38.000	0.989
162	aa-rwlt-coding-agent-051	38	56003	209	55080	193.649	2.027	510.201	98.791	36.735	14.938	45.090	2.028				399.863	496.626	20013.000	20103.000	60.000	60.000	3444.000	58.000	0.983
163	aa-rwlt-coding-agent-051	39	59362	50	56006	279.986	0.849	304.065	184.129	39.107	15.877	127.536	1.609				96.577	279.097	20105.000	20127.000	212.000	212.000	3502.000	210.000	0.943
164	aa-rwlt-coding-agent-051	40	59488	117	59369	179.665	2.312	321.043	84.049	38.858	15.984	26.918	2.289				225.131	306.891	20129.000	20180.000	8.000	8.000	3712.000	6.000	0.998
165	aa-rwlt-coding-agent-051	41	60242	183	59491	199.190	1.907	445.449	103.020	39.179	16.148	45.793	1.900				329.980	431.100	20182.000	20256.000	48.000	48.000	3720.000	46.000	0.988
166	aa-rwlt-coding-agent-051	42	60414	124	60245	181.872	2.084	369.787	85.000	39.725	15.709	27.542	2.024				271.652	354.628	20258.000	20317.000	12.000	12.000	3766.000	10.000	0.997
167	aa-rwlt-coding-agent-051	43	60676	50	60417	184.953	0.507	197.959	87.724	39.803	15.841	29.928	2.152				97.352	182.924	20319.000	20341.000	18.000	18.000	3778.000	16.000	0.996
168	aa-rwlt-coding-agent-051	44	60748	637	60680	188.188	1.347	968.404	83.616	40.256	16.164	25.729	1.467				871.149	953.298	20343.000	20538.000	6.000	6.000	3794.000	4.000	0.999
169	aa-rwlt-coding-agent-051	45	60874	57	60752	190.969	0.263	196.073	86.043	40.757	15.975	27.645	1.666				88.841	173.218	20540.000	20560.000	10.000	10.000	3798.000	8.000	0.998
170	aa-rwlt-coding-agent-051	46	60961	75	60877	183.233	2.036	254.829	85.989	40.883	15.996	26.582	2.528				154.823	238.284	20562.000	20597.000	8.000	8.000	3806.000	6.000	0.998
171	aa-rwlt-coding-agent-073	0	9944	363	2028	185.867	1.858	747.192	98.653	5.645	3.800	87.550	1.658				645.391	742.386	20599.000	20751.000	496.000	496.000	128.000	494.000	0.206
172	aa-rwlt-coding-agent-073	1	10365	45	9944	132.772	0.555	140.909	35.974	6.366	3.798	24.139	1.671				86.837	121.140	20753.000	20774.000	28.000	28.000	622.000	26.000	0.960
173	aa-rwlt-coding-agent-073	2	12288	62	9949	138.569	0.907	159.739	55.747	7.658	4.272	42.182	1.635				100.708	154.820	20776.000	20800.000	148.000	148.000	622.000	146.000	0.810
174	aa-rwlt-coding-agent-073	3	13603	488	12291	129.766	1.780	883.083	46.255	8.336	4.556	31.656	1.707				832.773	877.321	20802.000	20999.000	84.000	84.000	770.000	82.000	0.904
175	aa-rwlt-coding-agent-073	4	14656	837	13606	149.996	1.760	1518.093	50.930	9.396	4.810	35.237	1.487				1448.189	1497.632	21001.000	21343.000	66.000	66.000	852.000	64.000	0.930
176	aa-rwlt-coding-agent-073	5	15125	65	14659	162.880	3.461	204.726	40.812	9.461	5.107	24.574	1.670				122.875	162.017	21345.000	21374.000	30.000	30.000	918.000	28.000	0.970
177	aa-rwlt-coding-agent-073	6	15089	85	10368	168.861	0.956	219.833	82.824	9.770	5.029	66.027	1.998				133.050	213.876	21376.000	21407.000	296.000	296.000	648.000	296.000	0.686
178	aa-rwlt-coding-agent-073	7	16666	57	15128	146.450	0.406	158.928	62.421	11.544	5.372	43.911	1.594				91.804	152.631	21409.000	21431.000	98.000	98.000	946.000	96.000	0.908
179	aa-rwlt-coding-agent-073	8	16821	69	16669	126.689	2.300	177.598	42.343	11.896	5.396	23.347	1.704				130.172	170.811	21433.000	21464.000	12.000	12.000	1042.000	10.000	0.990
180	aa-rwlt-coding-agent-073	9	17001	201	16824	128.539	2.158	418.015	44.429	12.292	5.325	24.634	2.178				368.886	411.137	21466.000	21553.000	14.000	14.000	1052.000	12.000	0.989
181	aa-rwlt-coding-agent-073	10	17096	91	17004	129.002	1.207	212.637	43.921	12.651	5.674	24.132	1.464				163.107	205.564	21555.000	21594.000	8.000	8.000	1064.000	6.000	0.994
182	aa-rwlt-coding-agent-073	11	17717	211	17099	132.141	2.018	433.119	46.123	13.371	5.681	25.486	1.585				381.293	425.831	21596.000	21686.000	40.000	40.000	1070.000	38.000	0.966
183	aa-rwlt-coding-agent-073	12	18091	106	17720	131.791	2.543	223.706	46.172	13.831	5.679	24.954	1.708				171.762	216.226	21688.000	21729.000	26.000	26.000	1108.000	24.000	0.979
184	aa-rwlt-coding-agent-073	13	18282	46	18096	128.327	0.005	128.732	51.706	14.100	5.752	29.537	2.317				71.301	120.690	21731.000	21748.000	14.000	14.000	1132.000	12.000	0.990
185	aa-rwlt-coding-agent-073	14	18974	56	18285	131.798	0.005	132.210	48.897	14.555	5.961	26.827	1.554				76.534	123.877	21750.000	21768.000	44.000	44.000	1144.000	42.000	0.965
186	aa-rwlt-coding-agent-073	15	20205	87	18977	145.007	0.859	183.115	58.486	15.559	6.178	35.123	1.626				118.040	174.900	21770.000	21798.000	78.000	78.000	1188.000	76.000	0.940
187	aa-rwlt-coding-agent-073	16	20517	70	20208	136.817	1.135	162.098	50.284	15.930	6.263	25.809	2.282				105.745	153.747	21800.000	21825.000	22.000	22.000	1264.000	20.000	0.984
188	aa-rwlt-coding-agent-073	17	20622	55	20520	137.046	1.327	166.542	50.083	16.201	6.307	25.934	1.641				109.546	157.988	21827.000	21853.000	8.000	8.000	1284.000	6.000	0.995
189	aa-rwlt-coding-agent-073	18	20694	75	20625	136.579	2.750	191.872	49.380	16.662	6.402	24.371	1.945				135.524	182.959	21855.000	21887.000	6.000	6.000	1290.000	4.000	0.997
190	aa-rwlt-coding-agent-073	19	21054	55	20697	139.487	0.505	156.459	50.264	16.860	6.399	25.249	1.756				99.087	147.595	21889.000	21912.000	24.000	24.000	1294.000	22.000	0.983
191	aa-rwlt-coding-agent-073	20	21131	53	21057	137.856	0.380	146.534	50.535	18.069	6.441	24.270	1.755				88.518	137.298	21914.000	21935.000	6.000	6.000	1318.000	4.000	0.997
192	aa-rwlt-coding-agent-073	21	22453	1440	21134	151.485	1.648	2437.265	64.003	18.130	6.840	37.152	1.881				2365.030	2427.152	21937.000	22489.000	84.000	84.000	1322.000	82.000	0.942
193	aa-rwlt-coding-agent-073	22	22918	1233	22456	189.604	1.698	2179.830	53.157	18.439	7.335	25.653	1.730				2070.354	2121.781	22491.000	22975.000	32.000	32.000	1404.000	30.000	0.979
194	aa-rwlt-coding-agent-073	23	24415	65	22921	206.883	0.200	215.406	69.555	19.739	7.707	39.900	2.209				89.455	156.801	22977.000	22998.000	94.000	94.000	1434.000	92.000	0.940
195	aa-rwlt-coding-agent-073	24	24715	54	24419	139.134	0.004	139.545	54.377	19.843	7.367	25.282	1.885				76.499	128.991	23000.000	23018.000	20.000	20.000	1528.000	18.000	0.988
196	aa-rwlt-coding-agent-073	25	26106	1775	24719	166.455	1.642	2960.671	76.878	20.878	7.625	46.036	2.339				2875.006	2949.545	23020.000	23689.000	88.000	88.000	1546.000	86.000	0.947
197	aa-rwlt-coding-agent-073	26	27411	616	15092	371.554	1.768	1353.288	215.728	21.438	8.185	184.322	1.783				1063.523	1277.468	23691.000	23939.000	772.000	772.000	944.000	770.000	0.551
198	aa-rwlt-coding-agent-073	27	28000	365	27414	173.753	1.840	733.437	62.945	22.099	8.658	29.896	2.292				641.440	702.093	23941.000	24091.000	38.000	38.000	1714.000	36.000	0.979
199	aa-rwlt-coding-agent-073	28	31161	393	28003	210.384	1.949	842.213	110.341	24.051	9.211	75.475	1.604				713.077	821.814	24093.000	24260.000	198.000	198.000	1752.000	196.000	0.899
200	aa-rwlt-coding-agent-073	29	31561	69	26109	247.760	1.843	286.777	146.156	24.463	9.309	110.099	2.285				121.326	265.197	24262.000	24290.000	344.000	344.000	1632.000	342.000	0.827
201	aa-rwlt-coding-agent-073	30	32395	246	31164	170.482	1.654	452.105	79.286	25.224	9.341	42.623	2.098				362.937	440.125	24292.000	24377.000	80.000	80.000	1948.000	78.000	0.962
202	aa-rwlt-coding-agent-073	31	32685	69	31564	175.053	1.300	205.265	83.085	25.691	9.399	46.086	1.909				112.016	193.192	24379.000	24405.000	72.000	72.000	1974.000	70.000	0.966
203	aa-rwlt-coding-agent-073	32	32785	79	32688	160.218	2.031	221.454	64.695	26.504	9.245	26.999	1.947				146.250	208.998	24407.000	24440.000	8.000	8.000	2044.000	6.000	0.997
204	aa-rwlt-coding-agent-073	33	33032	87	32795	155.572	2.401	220.658	64.143	27.257	9.517	25.312	2.057				145.904	207.990	24442.000	24476.000	18.000	18.000	2050.000	16.000	0.992
205	aa-rwlt-coding-agent-073	34	33304	82	33035	166.432	2.242	218.301	66.444	28.054	9.642	26.081	2.667				141.419	205.196	24478.000	24509.000	18.000	18.000	2066.000	16.000	0.992
206	aa-rwlt-coding-agent-073	35	33419	93	33311	156.003	2.491	221.063	64.277	27.521	9.694	25.052	2.010				145.581	207.848	24511.000	24545.000	10.000	10.000	2082.000	8.000	0.996
207	aa-rwlt-coding-agent-073	36	33533	194	33422	157.823	2.026	423.493	64.899	27.533	9.529	25.754	2.083				347.622	410.438	24547.000	24628.000	8.000	8.000	2090.000	6.000	0.997
208	aa-rwlt-coding-agent-073	37	33622	92	33536	158.030	2.777	244.412	65.602	28.074	9.642	25.787	2.099				167.421	230.924	24630.000	24669.000	6.000	6.000	2096.000	6.000	0.997
209	aa-rwlt-coding-agent-073	38	33955	157	33630	165.256	1.745	315.620	72.944	29.709	9.742	31.338	2.155				231.233	302.022	24671.000	24725.000	24.000	24.000	2102.000	22.000	0.990
210	aa-rwlt-coding-agent-073	39	34186	49	33958	155.793	0.005	156.214	67.119	28.749	9.883	26.484	2.003				77.123	142.239	24727.000	24745.000	16.000	16.000	2124.000	14.000	0.993
211	aa-rwlt-coding-agent-073	40	34345	107	34189	160.736	2.588	277.507	67.959	30.332	9.768	25.531	2.328				198.203	263.834	24747.000	24793.000	12.000	12.000	2138.000	10.000	0.995
212	aa-rwlt-coding-agent-073	41	34639	52	34348	160.360	0.004	160.774	66.780	29.654	9.848	25.344	1.934				81.472	146.318	24795.000	24814.000	20.000	20.000	2148.000	18.000	0.992
213	aa-rwlt-coding-agent-073	42	34738	429	34642	169.949	1.764	791.036	68.848	30.161	9.885	26.432	2.370				710.203	776.681	24816.000	24981.000	8.000	8.000	2166.000	6.000	0.997
214	aa-rwlt-coding-agent-073	43	34908	205	34742	165.329	1.838	428.581	68.012	30.166	10.055	25.772	2.019				344.005	409.998	24983.000	25063.000	12.000	12.000	2172.000	10.000	0.995
215	aa-rwlt-coding-agent-073	44	35239	158	34912	167.069	1.638	339.382	69.887	30.655	10.041	27.221	1.970				256.487	324.404	25065.000	25124.000	22.000	22.000	2182.000	22.000	0.990
216	aa-rwlt-coding-agent-073	45	36684	73	32399	236.484	0.727	270.933	141.928	31.630	10.349	97.951	1.998				108.952	248.882	25126.000	25151.000	270.000	270.000	2026.000	268.000	0.883
217	aa-rwlt-coding-agent-073	46	37142	47	35242	202.685	0.154	206.986	107.606	33.571	10.420	61.535	2.080				86.365	191.891	25153.000	25173.000	120.000	120.000	2204.000	118.000	0.949
218	aa-rwlt-coding-agent-073	47	37397	71	37145	169.891	1.145	209.122	74.542	33.887	10.430	27.472	2.753				121.620	193.409	25175.000	25203.000	18.000	18.000	2322.000	16.000	0.993
219	aa-rwlt-coding-agent-073	48	38805	174	37400	191.948	1.039	328.414	96.207	34.921	10.735	48.399	2.152				218.833	312.888	25205.000	25255.000	90.000	90.000	2338.000	88.000	0.964
220	aa-rwlt-coding-agent-073	49	39300	123	38808	170.749	1.541	286.602	74.392	34.046	11.018	27.627	1.701				197.815	270.506	25257.000	25303.000	34.000	34.000	2426.000	32.000	0.987
221	aa-rwlt-coding-agent-073	50	44903	81	36688	329.061	0.641	359.514	231.897	37.526	12.343	180.318	1.710				112.809	342.996	25305.000	25331.000	516.000	516.000	2294.000	514.000	0.817
222	aa-rwlt-coding-agent-073	51	45427	44	39303	288.216	0.007	288.622	196.668	37.715	12.711	143.806	2.436				77.386	271.618	25333.000	25351.000	384.000	384.000	2458.000	382.000	0.865
223	aa-rwlt-coding-agent-073	52	45861	269	45430	178.912	1.775	523.563	80.871	38.200	12.355	28.320	1.996				427.583	506.458	25353.000	25450.000	30.000	30.000	2840.000	28.000	0.990
224	aa-rwlt-coding-agent-073	53	46352	181	45864	183.870	1.948	417.978	84.853	40.620	12.717	29.472	2.044				317.578	400.387	25452.000	25523.000	32.000	32.000	2868.000	30.000	0.990
225	aa-rwlt-coding-agent-073	54	46606	97	46356	179.143	1.200	273.097	80.413	39.163	12.887	26.201	2.162				177.460	255.711	25525.000	25565.000	18.000	18.000	2898.000	16.000	0.995
226	aa-rwlt-coding-agent-073	55	46763	206	46613	180.200	1.439	383.356	80.984	39.756	12.887	26.315	2.026				286.965	365.923	25567.000	25632.000	12.000	12.000	2914.000	10.000	0.997
227	aa-rwlt-coding-agent-073	56	47829	95	46766	207.491	1.892	275.894	108.799	42.220	13.109	51.323	2.147				143.702	250.354	25634.000	25666.000	68.000	68.000	2924.000	66.000	0.978
228	aa-rwlt-coding-agent-073	57	47902	183	44909	245.651	1.579	471.757	145.947	40.780	12.995	90.359	1.813				309.353	453.487	25668.000	25738.000	188.000	188.000	2808.000	186.000	0.938
229	aa-rwlt-coding-agent-073	58	48717	230	47832	202.520	2.091	552.078	103.488	41.438	17.823	41.712	2.515				432.656	533.629	25740.000	25839.000	58.000	58.000	2990.000	56.000	0.982
230	aa-rwlt-coding-agent-073	59	49036	97	48720	199.157	2.464	278.315	99.272	43.912	14.797	38.773	1.790				161.771	259.253	25841.000	25878.000	22.000	22.000	3046.000	20.000	0.993
231	aa-rwlt-coding-agent-073	60	49135	218	49039	181.596	1.945	493.130	83.120	42.533	13.364	24.536	2.687				394.289	474.722	25880.000	25969.000	8.000	8.000	3066.000	6.000	0.998
232	aa-rwlt-coding-agent-073	61	49413	61	49144	184.204	0.715	205.968	84.876	42.471	13.393	26.818	2.194				104.498	187.180	25971.000	25995.000	20.000	20.000	3072.000	18.000	0.994
233	aa-rwlt-coding-agent-073	62	49860	56	49416	190.971	0.806	213.022	88.651	43.181	13.616	29.998	1.856				106.745	193.540	25997.000	26021.000	30.000	30.000	3090.000	28.000	0.991
234	aa-rwlt-coding-agent-073	63	50267	94	49863	190.201	1.864	287.493	90.167	44.836	13.598	28.681	3.052				181.205	268.320	26023.000	26064.000	26.000	26.000	3118.000	24.000	0.992
235	aa-rwlt-coding-agent-073	64	51041	138	50268	201.997	1.982	388.633	101.894	44.326	13.824	41.794	1.950				269.437	369.381	26066.000	26127.000	52.000	52.000	3142.000	50.000	0.984
236	aa-rwlt-coding-agent-073	65	51502	77	51044	193.537	1.394	257.964	91.134	44.437	14.204	30.385	2.108				148.804	237.830	26129.000	26162.000	30.000	30.000	3192.000	28.000	0.991
237	aa-rwlt-coding-agent-073	66	51759	80	51506	189.976	2.200	229.880	88.899	45.323	13.886	27.443	2.247				122.900	209.552	26164.000	26192.000	18.000	18.000	3220.000	16.000	0.995
238	aa-rwlt-coding-agent-073	67	51985	64	51762	191.057	0.699	222.105	89.013	45.831	14.073	26.960	2.149				115.293	202.157	26194.000	26220.000	16.000	16.000	3236.000	14.000	0.996
239	aa-rwlt-coding-agent-010	0	10260	126	2070	181.329	1.996	307.356	95.970	5.886	4.157	84.147	1.780				208.495	302.685	26222.000	26271.000	514.000	514.000	130.000	512.000	0.202
240	aa-rwlt-coding-agent-010	1	18551	105	10263	211.168	2.406	322.125	125.349	10.452	5.581	107.340	1.976				193.585	316.958	26273.000	26318.000	520.000	520.000	642.000	518.000	0.553
241	aa-rwlt-coding-agent-010	2	18716	51	18554	126.425	0.117	130.223	42.454	10.587	5.767	24.240	1.860				84.328	124.922	26320.000	26340.000	12.000	12.000	1160.000	10.000	0.991
242	aa-rwlt-coding-agent-010	3	19031	74	18719	125.160	1.338	162.921	42.065	11.078	5.804	23.106	2.077				117.249	157.237	26342.000	26370.000	22.000	22.000	1170.000	20.000	0.983
243	aa-rwlt-coding-agent-010	4	20861	58	19034	151.242	0.428	164.394	64.025	12.409	6.413	43.425	1.778				95.923	158.170	26372.000	26394.000	116.000	116.000	1190.000	114.000	0.913
244	aa-rwlt-coding-agent-010	5	22210	60	20864	143.500		180.885	58.923	13.297	6.614	37.319	1.693				117.566	174.796	26396.000	26424.000	86.000	86.000	1304.000	86.000	0.938
245	aa-rwlt-coding-agent-010	6	22317	51	22213	123.520	0.004	123.924	46.908	13.585	6.938	24.530	1.855				72.011	117.064	26426.000	26443.000	8.000	8.000	1390.000	6.000	0.996
246	aa-rwlt-coding-agent-010	7	23712	84	22323	154.260	2.221	218.985	62.413	14.553	7.032	38.505	2.323				151.812	211.902	26445.000	26479.000	88.000	88.000	1396.000	86.000	0.942
247	aa-rwlt-coding-agent-010	8	23811	53	23715	124.295	0.004	124.840	46.610	14.594	7.102	23.128	1.786				72.483	117.307	26481.000	26498.000	8.000	8.000	1484.000	6.000	0.996
248	aa-rwlt-coding-agent-010	9	25724	76	23816	159.597	1.075	206.128	73.122	15.793	7.684	47.713	1.932				127.813	199.003	26500.000	26530.000	120.000	120.000	1490.000	118.000	0.927
249	aa-rwlt-coding-agent-010	10	25896	54	25727	134.552	0.004	134.965	49.091	16.260	7.670	23.459	1.702				79.598	126.987	26532.000	26550.000	14.000	14.000	1608.000	12.000	0.993
250	aa-rwlt-coding-agent-010	11	27162	264	25899	159.112	1.534	486.235	72.260	17.088	7.878	45.283	2.011				408.194	478.443	26552.000	26647.000	80.000	80.000	1620.000	78.000	0.954
251	aa-rwlt-coding-agent-010	12	27314	53	27165	144.749	0.004	145.142	50.860	17.399	8.005	23.693	1.763				76.704	125.801	26649.000	26667.000	12.000	12.000	1698.000	10.000	0.994
252	aa-rwlt-coding-agent-010	13	28039	439	27317	146.804	1.757	804.147	59.169	17.960	8.128	31.116	1.965				738.555	795.759	26669.000	26840.000	48.000	48.000	1708.000	46.000	0.974
253	aa-rwlt-coding-agent-010	14	28901	430	28042	159.273	1.817	833.836	68.105	18.933	8.447	38.645	2.080				759.092	825.117	26842.000	27018.000	56.000	56.000	1754.000	54.000	0.970
254	aa-rwlt-coding-agent-010	15	29498	52	28907	162.024	0.004	162.447	59.905	19.104	8.569	30.276	1.956				81.462	139.411	27020.000	27039.000	38.000	38.000	1808.000	36.000	0.980
255	aa-rwlt-coding-agent-010	16	30329	195	29501	152.731	2.100	411.321	64.368	19.956	8.953	32.996	2.463				340.122	402.027	27041.000	27120.000	54.000	54.000	1844.000	52.000	0.973
256	aa-rwlt-coding-agent-010	17	30577	60	30332	144.939	0.717	171.070	56.799	20.442	8.991	25.531	1.835				107.186	162.150	27122.000	27147.000	18.000	18.000	1896.000	16.000	0.992
257	aa-rwlt-coding-agent-010	18	31240	55	30580	151.805	0.522	168.808	64.081	20.893	8.933	31.912	2.343				97.826	159.564	27149.000	27172.000	44.000	44.000	1912.000	42.000	0.979
258	aa-rwlt-coding-agent-010	19	31368	53	31243	146.723	0.275	155.049	57.569	21.395	8.968	25.366	1.840				90.111	145.840	27174.000	27195.000	10.000	10.000	1954.000	8.000	0.996
259	aa-rwlt-coding-agent-010	20	32886	427	31371	169.329	1.939	867.638	79.568	22.223	9.565	45.142	2.638				780.828	857.758	27197.000	27377.000	96.000	96.000	1962.000	94.000	0.954
260	aa-rwlt-coding-agent-010	21	33305	887	32889	152.540	1.747	1585.289	61.048	22.763	9.760	26.848	1.677				1515.672	1575.043	27379.000	27728.000	28.000	28.000	2056.000	26.000	0.988
261	aa-rwlt-coding-agent-010	22	33470	731	33308	180.738	1.711	1312.040	60.059	22.930	9.792	25.577	1.760				1212.387	1270.686	27730.000	28010.000	12.000	12.000	2082.000	10.000	0.995
262	aa-rwlt-coding-agent-010	23	34383	320	33474	185.351	1.708	617.654	71.526	23.787	9.831	35.544	2.364				513.383	582.545	28012.000	28131.000	58.000	58.000	2094.000	56.000	0.974
263	aa-rwlt-coding-agent-010	24	35126	245	34390	166.331	1.864	489.127	70.547	24.161	10.312	34.306	1.768				404.024	472.803	28133.000	28227.000	48.000	48.000	2150.000	46.000	0.979
264	aa-rwlt-coding-agent-010	25	36013	728	35129	169.732	1.807	1366.524	79.332	24.969	10.433	41.448	2.482				1278.541	1355.391	28229.000	28525.000	58.000	58.000	2196.000	56.000	0.975
265	aa-rwlt-coding-agent-010	26	36277	142	36024	177.291	2.389	380.627	62.633	25.337	10.521	24.903	1.872				283.562	344.323	28527.000	28592.000	18.000	18.000	2252.000	16.000	0.993
266	aa-rwlt-coding-agent-010	27	36546	59	36284	162.397	0.521	183.018	65.396	25.860	10.395	26.733	2.408				108.635	171.623	28594.000	28619.000	20.000	20.000	2268.000	18.000	0.992
267	aa-rwlt-coding-agent-010	28	36776	47	36549	156.095	0.004	156.488	65.510	26.279	10.426	26.686	2.119				81.162	144.553	28621.000	28640.000	16.000	16.000	2286.000	14.000	0.994
268	aa-rwlt-coding-agent-010	29	37467	544	36779	166.468	1.894	1087.344	74.048	26.962	10.586	34.454	2.046				1003.304	1075.306	28642.000	28872.000	44.000	44.000	2300.000	42.000	0.982
269	aa-rwlt-coding-agent-010	30	37997	710	37470	176.200	1.715	1282.889	73.215	27.338	10.711	33.036	2.130				1189.133	1260.218	28874.000	29148.000	36.000	36.000	2342.000	34.000	0.986
270	aa-rwlt-coding-agent-010	31	38404	53	38000	180.641	0.004	181.033	66.796	27.863	10.832	25.899	2.202				82.324	146.918	29150.000	29169.000	28.000	28.000	2376.000	26.000	0.989
271	aa-rwlt-coding-agent-010	32	39004	508	38408	169.431	1.881	1003.145	76.657	28.513	11.027	34.969	2.148				916.261	990.770	29171.000	29382.000	38.000	38.000	2402.000	36.000	0.985
272	aa-rwlt-coding-agent-010	33	39322	1831	39007	166.520	1.745	3252.166	67.861	28.676	11.177	26.277	1.731				3166.668	3232.798	29384.000	30111.000	22.000	22.000	2438.000	20.000	0.992
273	aa-rwlt-coding-agent-010	34	39689	807	39325	238.474	1.712	1517.639	72.475	29.147	11.641	29.272	2.415				1361.243	1431.303	30113.000	30427.000	26.000	26.000	2458.000	24.000	0.990
274	aa-rwlt-coding-agent-010	35	40352	598	39693	196.545	1.857	1203.302	79.394	29.811	11.690	35.608	2.285				1088.156	1165.265	30429.000	30679.000	42.000	42.000	2482.000	40.000	0.984
275	aa-rwlt-coding-agent-010	36	40941	509	40355	190.856	1.960	1059.353	79.298	30.266	11.653	35.407	1.972				950.454	1027.780	30681.000	30900.000	38.000	38.000	2524.000	36.000	0.986
276	aa-rwlt-coding-agent-010	37	41149	432	40947	178.664	2.014	906.032	70.904	30.662	11.825	26.301	2.116				809.022	877.810	30902.000	31088.000	14.000	14.000	2560.000	12.000	0.995
277	aa-rwlt-coding-agent-010	38	41659	88	41152	177.404	2.261	247.788	73.563	31.207	11.757	28.309	2.290				152.468	223.741	31090.000	31125.000	32.000	32.000	2572.000	32.000	0.988
278	aa-rwlt-coding-agent-010	39	41905	462	41662	169.300	1.728	869.385	70.002	31.419	11.787	24.708	2.088				782.391	850.305	31127.000	31306.000	18.000	18.000	2604.000	16.000	0.994
279	aa-rwlt-coding-agent-010	40	42638	78	41910	181.342	2.725	268.815	83.568	32.277	11.829	37.402	2.060				169.577	251.085	31308.000	31347.000	48.000	48.000	2620.000	46.000	0.983
280	aa-rwlt-coding-agent-010	41	45126	81	42641	218.994	2.764	282.872	124.119	33.440	12.541	75.910	2.228				146.113	268.004	31349.000	31382.000	158.000	158.000	2666.000	156.000	0.945
281	aa-rwlt-coding-agent-010	42	45271	60	45129	170.182	1.335	213.203	75.291	34.167	12.511	26.445	2.168				125.602	198.725	31384.000	31413.000	10.000	10.000	2822.000	8.000	0.997
282	aa-rwlt-coding-agent-010	43	45358	47	45281	172.698	0.945	193.796	77.734	35.687	12.714	27.088	2.245				103.477	178.966	31415.000	31439.000	6.000	6.000	2832.000	4.000	0.999
283	aa-rwlt-coding-agent-010	44	46425	56	45361	199.811	0.866	221.786	103.855	35.115	13.689	53.364	1.687				104.420	206.588	31441.000	31465.000	68.000	68.000	2836.000	66.000	0.977
284	aa-rwlt-coding-agent-010	45	46510	61	46428	172.684	1.396	207.896	77.235	35.338	12.782	26.534	2.581				117.811	192.465	31467.000	31494.000	8.000	8.000	2902.000	6.000	0.998
285	aa-rwlt-coding-agent-010	46	47581	65	46513	198.368	1.216	237.586	101.784	36.003	12.913	50.785	2.083				122.165	221.866	31496.000	31524.000	68.000	68.000	2908.000	66.000	0.978
286	aa-rwlt-coding-agent-010	47	47668	65	47584	173.397	0.912	200.159	77.139	36.309	12.973	25.691	2.166				109.006	183.979	31526.000	31551.000	6.000	6.000	2974.000	6.000	0.998
287	aa-rwlt-coding-agent-010	48	47869	80	47671	176.113	1.792	233.768	79.452	36.843	13.035	27.262	2.312				140.536	217.676	31553.000	31585.000	14.000	14.000	2980.000	12.000	0.996
288	aa-rwlt-coding-agent-010	49	48249	55	47872	178.012	0.544	191.375	80.629	36.996	13.180	28.315	2.138				96.539	175.030	31587.000	31609.000	24.000	24.000	2992.000	24.000	0.992
289	aa-rwlt-coding-agent-010	50	48782	80	48252	186.939	2.680	235.485	90.920	37.690	13.263	37.823	2.144				129.863	218.639	31611.000	31641.000	36.000	36.000	3016.000	34.000	0.989
290	aa-rwlt-coding-agent-010	51	49016	114	48785	180.544	2.517	284.056	84.827	38.160	14.232	29.261	3.174				185.986	267.639	31643.000	31686.000	16.000	16.000	3050.000	14.000	0.995
291	aa-rwlt-coding-agent-010	52	49855	82	49019	199.182	3.785	282.737	95.596	38.526	13.580	41.837	1.653				171.163	265.106	31688.000	31726.000	54.000	54.000	3064.000	52.000	0.983
292	aa-rwlt-coding-agent-010	53	49929	369	49858	178.904	1.838	738.097	81.445	39.216	13.742	26.041	2.446				641.148	720.147	31728.000	31875.000	6.000	6.000	3118.000	4.000	0.999
293	aa-rwlt-coding-agent-010	54	51011	275	49932	209.750	1.882	607.121	109.554	39.925	14.059	53.435	2.135				480.424	587.843	31877.000	31986.000	70.000	70.000	3122.000	68.000	0.979
294	aa-rwlt-coding-agent-010	55	52930	166	51014	228.284	2.281	417.934	128.725	41.695	14.611	69.964	2.455				273.314	399.584	31988.000	32050.000	122.000	122.000	3190.000	120.000	0.964
295	aa-rwlt-coding-agent-010	56	54370	196	52939	216.168	2.103	475.176	116.639	42.274	14.695	57.998	1.672				341.915	456.882	32052.000	32130.000	92.000	92.000	3310.000	90.000	0.974
296	aa-rwlt-coding-agent-010	57	56362	2575	54373	236.689	1.550	4120.698	137.337	43.087	15.093	76.585	2.572				3966.900	4101.665	32132.000	33025.000	126.000	126.000	3400.000	124.000	0.965
297	aa-rwlt-coding-agent-010	58	56549	16384	56367	275.713	14.947	16179.449	90.170	43.369	15.806	28.822	2.173				15983.313	16071.310	33027.000	37136.000	14.000	14.000	3524.000	12.000	0.997
298	aa-rwlt-coding-agent-010	59	58113	83	56554	329.326	1.461	373.475	136.868	44.851	16.957	72.430	2.630				127.183	261.421	37138.000	37167.000	100.000	100.000	3536.000	98.000	0.973
299	aa-rwlt-coding-agent-010	60	58941	213	58116	209.110	2.079	483.919	109.195	45.194	15.733	45.689	2.579				358.569	465.185	37169.000	37250.000	52.000	52.000	3634.000	50.000	0.986
300	aa-rwlt-coding-agent-010	61	59745	66	58944	210.287	0.875	236.853	110.546	45.973	16.072	46.476	2.025				109.297	217.818	37252.000	37277.000	52.000	52.000	3684.000	52.000	0.986
301	aa-rwlt-coding-agent-010	62	60484	739	59748	216.460	1.744	1358.802	110.888	46.501	16.104	45.283	3.000				1226.712	1334.600	37279.000	37554.000	48.000	48.000	3736.000	46.000	0.988
302	aa-rwlt-coding-agent-010	63	61143	169	60487	229.199	1.826	421.289	113.458	48.741	17.098	45.420	2.199				276.541	387.800	37556.000	37618.000	42.000	42.000	3782.000	40.000	0.990
303	aa-rwlt-coding-agent-010	64	62395	289	61147	233.820	1.898	647.832	131.580	50.168	17.191	61.725	2.496				498.089	627.173	37620.000	37732.000	80.000	80.000	3822.000	78.000	0.980
304	aa-rwlt-coding-agent-010	65	62837	957	62398	203.475	1.883	1877.939	102.354	48.660	17.175	33.714	2.805				1757.677	1857.226	37734.000	38130.000	30.000	30.000	3900.000	28.000	0.993
305	aa-rwlt-coding-agent-010	66	63368	121	62840	241.244	2.247	369.661	111.791	48.365	16.846	44.356	2.224				211.978	321.545	38132.000	38180.000	36.000	36.000	3928.000	34.000	0.991
306	aa-rwlt-coding-agent-010	67	64141	342	63375	219.787	1.293	600.351	117.080	49.862	17.253	47.874	2.091				465.064	580.053	38182.000	38286.000	50.000	50.000	3962.000	48.000	0.988
307	aa-rwlt-coding-agent-010	68	64511	1685	64152	209.624	1.666	2921.304	106.371	50.018	17.760	36.634	1.959				2795.212	2899.624	38288.000	38913.000	24.000	24.000	4010.000	22.000	0.995
308	aa-rwlt-coding-agent-010	69	64846	424	64516	260.843	1.229	738.080	103.357	50.219	17.704	32.837	2.597				562.472	663.232	38915.000	39040.000	22.000	22.000	4034.000	20.000	0.995
309	aa-rwlt-coding-agent-010	70	65309	1148	64850	208.363	1.745	2092.849	105.531	51.484	17.562	33.963	2.522				1968.067	2071.076	39042.000	39481.000	30.000	30.000	4054.000	28.000	0.993
310	aa-rwlt-coding-agent-010	71	65936	507	65314	252.482	1.287	829.486	118.971	51.514	17.682	47.309	2.466				662.083	778.588	39483.000	39631.000	40.000	40.000	4084.000	38.000	0.991
311	aa-rwlt-coding-agent-010	72	66489	192	65940	221.450	1.933	467.191	118.384	52.079	17.725	46.204	2.376				329.287	445.295	39633.000	39707.000	36.000	36.000	4122.000	34.000	0.992
312	aa-rwlt-coding-agent-010	73	67138	89	66492	238.112	2.516	313.912	134.242	52.620	19.137	60.106	2.379				160.055	291.918	39709.000	39745.000	44.000	44.000	4156.000	42.000	0.990
313	aa-rwlt-coding-agent-010	74	67954	67	67145	226.628	0.866	252.949	122.593	52.847	17.941	49.680	2.125				110.573	231.041	39747.000	39772.000	52.000	52.000	4198.000	50.000	0.988
314	aa-rwlt-coding-agent-010	75	68686	6113	67959	231.201	1.491	9256.843	126.763	53.578	19.411	51.845	1.929				9106.714	9231.548	39774.000	41794.000	48.000	48.000	4248.000	46.000	0.989
315	aa-rwlt-coding-agent-010	76	68849	64	68697	302.726	1.317	316.230	105.524	54.230	18.826	30.104	2.364				98.849	202.009	41796.000	41818.000	12.000	12.000	4294.000	10.000	0.998
316	aa-rwlt-coding-agent-010	77	69259	90	68850	215.668	2.269	306.707	110.428	55.250	18.300	34.574	2.304				175.576	283.700	41820.000	41859.000	28.000	28.000	4304.000	26.000	0.994
317	aa-rwlt-coding-agent-010	78	69546	127	69262	213.964	1.901	349.212	109.911	55.479	18.363	32.558	3.511				219.948	326.348	41861.000	41910.000	20.000	20.000	4330.000	18.000	0.996
