conv_id	turn	fresh	reused	reuse_pct	kv_mb	kv_xfer_ms	wait_ms	ttft_agg_ms	ttft_disagg_ms	delta_ttft_ms
aa-rwlt-coding-agent-010	0	8190	2070	20.175	313.219	5.983	11.596	95.26	120.222	24.962
aa-rwlt-coding-agent-010	1	8291	10260	55.307	316.875	13.079	20.407	125.982	157.147	31.165
aa-rwlt-coding-agent-010	2	165	18551	99.118	7.312	11.26	18.447	44.067	70.726	26.659
aa-rwlt-coding-agent-010	3	315	18716	98.345	13.406	10.634	18.158	43.369	70.455	27.086
aa-rwlt-coding-agent-010	4	1830	19031	91.228	70.688	13.668	22.337	64.281	97.436	33.155
aa-rwlt-coding-agent-010	5	1349	20861	93.926	52.406	16.22	24.494	59.29	97.852	38.562
aa-rwlt-coding-agent-010	6	107	22210	99.521	4.875	15.855	24.2	47.817	84.76	36.943
aa-rwlt-coding-agent-010	7	1395	22317	94.117	53.625	18.119	26.955	62.094	102.857	40.763
aa-rwlt-coding-agent-010	8	99	23712	99.584	4.875	18.156	26.92	47.698	85.174	37.476
aa-rwlt-coding-agent-010	9	1913	23811	92.563	73.125	22.048	31.586	73.723	118.13	44.407
aa-rwlt-coding-agent-010	10	172	25724	99.336	8.531	22.405	31.838	52.105	96.55	44.445
aa-rwlt-coding-agent-010	11	1266	25896	95.339	48.75	25.594	35.158	72.11	120.018	47.908
aa-rwlt-coding-agent-010	12	152	27162	99.444	7.312	25.941	35.823	52.257	101.5	49.243
aa-rwlt-coding-agent-010	13	725	27314	97.414	29.25	27.925	37.941	59.441	111.39	51.949
aa-rwlt-coding-agent-010	14	862	28039	97.017	34.125	30.133	43.448	67.343	121.095	53.752
aa-rwlt-coding-agent-010	15	597	28901	97.976	23.156	31.88	42.401	60.514	130.121	69.607
aa-rwlt-coding-agent-010	16	831	29498	97.26	32.906	34.253	44.811	64.608	126.459	61.851
aa-rwlt-coding-agent-010	17	248	30329	99.189	10.969	34.916	45.533	57.149	116.373	59.224
aa-rwlt-coding-agent-010	18	663	30577	97.878	26.812	36.999	47.407	64.327	126.567	62.24
aa-rwlt-coding-agent-010	19	128	31240	99.592	6.094	37.282	47.975	61.86	119.635	57.775
aa-rwlt-coding-agent-010	20	1518	31368	95.384	58.5	42.045	52.997	78.91	147.646	68.736
aa-rwlt-coding-agent-010	21	419	32886	98.742	17.062	43.279	54.538	60.904	130.155	69.251
aa-rwlt-coding-agent-010	22	165	33305	99.507	7.312	44.634	56.182	60.004	132.734	72.73
aa-rwlt-coding-agent-010	23	913	33470	97.345	35.344	47.608	59.42	71.695	147.864	76.169
aa-rwlt-coding-agent-010	24	743	34383	97.885	29.25	49.804	61.446	71.85	147.666	75.816
aa-rwlt-coding-agent-010	25	887	35126	97.537	35.344	52.928	64.929	73.937	155.344	81.407
aa-rwlt-coding-agent-010	26	264	36013	99.272	10.969	54.207	67.068	67.439	148.177	80.738
aa-rwlt-coding-agent-010	27	269	36277	99.264	10.969	55.952	69.404	65.769	155.978	90.209
aa-rwlt-coding-agent-010	28	230	36546	99.375	9.75	55.808	67.849	65.75	149.735	83.985
aa-rwlt-coding-agent-010	29	691	36776	98.156	26.812	59.346	71.637	74.416	162.891	88.475
aa-rwlt-coding-agent-010	30	530	37467	98.605	21.938	60.398	73.193	74.26	164.431	90.171
aa-rwlt-coding-agent-010	31	407	37997	98.94	17.062	61.766	75.0	68.209	159.976	91.767
aa-rwlt-coding-agent-010	32	600	38404	98.462	23.156	64.334	77.186	76.691	170.31	93.619
aa-rwlt-coding-agent-010	33	318	39004	99.191	13.406	65.692	79.215	69.672	163.379	93.707
aa-rwlt-coding-agent-010	34	367	39322	99.075	15.844	66.98	80.585	72.318	166.456	94.138
aa-rwlt-coding-agent-010	35	663	39689	98.357	25.594	69.976	83.155	79.014	181.243	102.229
aa-rwlt-coding-agent-010	36	589	40352	98.561	23.156	71.964	85.396	79.609	182.859	103.25
aa-rwlt-coding-agent-010	37	208	40941	99.495	8.531	72.763	86.093	72.567	174.419	101.852
aa-rwlt-coding-agent-010	38	510	41149	98.776	19.5	75.103	88.404	78.668	180.439	101.771
aa-rwlt-coding-agent-010	39	246	41659	99.413	10.969	75.652	89.074	71.349	180.559	109.21
aa-rwlt-coding-agent-010	40	733	41905	98.281	29.25	78.974	92.884	83.786	194.627	110.841
aa-rwlt-coding-agent-010	41	2488	42638	94.487	96.281	90.108	104.027	124.339	248.358	124.019
aa-rwlt-coding-agent-010	42	145	45126	99.68	6.094	90.795	105.286	76.126	200.634	124.508
aa-rwlt-coding-agent-010	43	87	45271	99.808	3.656	90.868	105.541	75.817	198.918	123.101
aa-rwlt-coding-agent-010	44	1067	45358	97.702	41.438	95.264	109.901	113.023	233.537	120.514
aa-rwlt-coding-agent-010	45	85	46425	99.817	4.875	95.784	110.436	77.409	204.848	127.439
aa-rwlt-coding-agent-010	46	1071	46510	97.749	41.438	100.429	115.45	103.078	238.002	134.924
aa-rwlt-coding-agent-010	47	87	47581	99.817	3.656	100.936	115.884	77.602	211.762	134.16
aa-rwlt-coding-agent-010	48	201	47668	99.58	8.531	101.057	116.044	79.282	215.888	136.606
aa-rwlt-coding-agent-010	49	380	47869	99.212	14.625	103.394	118.394	85.093	219.776	134.683
aa-rwlt-coding-agent-010	50	533	48249	98.907	21.938	106.03	131.039	93.038	242.189	149.151
aa-rwlt-coding-agent-010	51	234	48782	99.523	9.75	107.116	122.345	81.604	225.246	143.642
aa-rwlt-coding-agent-010	52	839	49016	98.317	32.906	111.671	127.073	96.139	244.282	148.143
aa-rwlt-coding-agent-010	53	74	49855	99.852	3.656	111.258	126.75	88.192	228.124	139.932
aa-rwlt-coding-agent-010	54	1082	49929	97.879	42.656	117.258	133.227	109.681	263.029	153.348
aa-rwlt-coding-agent-010	55	1919	51011	96.374	74.344	132.302	150.448	128.917	307.638	178.721
aa-rwlt-coding-agent-010	56	1440	52930	97.351	56.062	139.093	156.601	117.72	297.753	180.033
aa-rwlt-coding-agent-010	57	1992	54370	96.466	76.781	149.004	167.523	136.798	328.66	191.862
aa-rwlt-coding-agent-010	58	187	56362	99.669	8.531	149.714	167.005	91.489	279.739	188.25
aa-rwlt-coding-agent-010	59	1564	56549	97.309	60.938	158.586	175.848	136.406	332.507	196.101
aa-rwlt-coding-agent-010	60	828	58113	98.595	31.688	162.524	179.892	109.834	313.57	203.736
aa-rwlt-coding-agent-010	61	804	58941	98.654	31.688	167.082	184.951	111.048	318.115	207.067
aa-rwlt-coding-agent-010	62	739	59745	98.778	29.25	171.703	189.754	111.387	321.73	210.343
aa-rwlt-coding-agent-010	63	659	60484	98.922	25.594	175.947	194.179	110.922	328.115	217.193
aa-rwlt-coding-agent-010	64	1252	61143	97.993	48.75	183.153	201.965	129.745	353.639	223.894
aa-rwlt-coding-agent-010	65	442	62395	99.297	18.281	184.526	203.674	100.808	328.034	227.226
aa-rwlt-coding-agent-010	66	531	62837	99.162	21.938	187.885	206.886	116.59	342.781	226.191
aa-rwlt-coding-agent-010	67	773	63368	98.795	30.469	192.22	211.731	116.684	351.99	235.306
aa-rwlt-coding-agent-010	68	370	64141	99.426	14.625	200.963	220.524	102.754	346.293	243.539
aa-rwlt-coding-agent-010	69	335	64511	99.483	13.406	196.398	216.137	102.843	340.714	237.871
aa-rwlt-coding-agent-010	70	463	64846	99.291	18.281	193.333	212.787	104.822	341.565	236.743
aa-rwlt-coding-agent-010	71	627	65309	99.049	24.375	194.546	222.933	120.692	372.458	251.766
aa-rwlt-coding-agent-010	72	553	65936	99.168	21.938	197.523	217.14	119.177	360.148	240.971
aa-rwlt-coding-agent-010	73	649	66489	99.033	26.812	204.032	224.54	128.845	370.32	241.475
aa-rwlt-coding-agent-010	74	816	67138	98.799	31.688	209.685	229.958	124.614	380.035	255.421
aa-rwlt-coding-agent-010	75	732	67954	98.934	29.25	215.659	235.943	124.654	385.379	260.725
aa-rwlt-coding-agent-010	76	163	68686	99.763	7.312	216.118	235.909	106.219	369.049	262.83
aa-rwlt-coding-agent-010	77	410	68849	99.408	17.062	217.016	236.806	110.601	371.595	260.994
aa-rwlt-coding-agent-010	78	287	69259	99.587	12.188	220.889	241.448	109.215	376.57	267.355
aa-rwlt-coding-agent-011	0	9264	2068	18.249	354.656	6.924	12.971	110.199	132.306	22.107
aa-rwlt-coding-agent-011	1	502	11332	95.758	19.5	6.854	12.746	38.041	57.862	19.821
aa-rwlt-coding-agent-011	2	142	11834	98.814	7.312	5.744	11.567	37.805	57.018	19.213
aa-rwlt-coding-agent-011	3	71	11976	99.411	3.656	4.566	10.252	42.97	54.465	11.495
aa-rwlt-coding-agent-011	4	2359	12047	83.625	91.406	6.426	12.445	68.788	90.157	21.369
aa-rwlt-coding-agent-011	5	1925	14406	88.213	74.344	9.077	15.694	61.619	85.359	23.74
aa-rwlt-coding-agent-011	6	516	16331	96.937	20.719	8.759	15.866	56.225	75.944	19.719
aa-rwlt-coding-agent-011	7	399	16847	97.686	15.844	8.55	15.672	44.205	68.139	23.934
aa-rwlt-coding-agent-011	8	3793	17246	81.972	145.031	15.489	23.874	95.513	127.253	31.74
aa-rwlt-coding-agent-011	9	229	21039	98.923	9.75	15.586	24.208	49.854	82.333	32.479
aa-rwlt-coding-agent-011	10	306	21268	98.582	13.406	14.931	23.238	48.811	82.983	34.172
aa-rwlt-coding-agent-011	11	237	21574	98.913	9.75	14.995	23.289	47.417	81.932	34.515
aa-rwlt-coding-agent-011	12	208	21811	99.055	9.75	15.29	23.688	48.767	84.84	36.073
aa-rwlt-coding-agent-011	13	891	22019	96.111	34.125	17.095	25.654	62.649	98.598	35.949
aa-rwlt-coding-agent-011	14	583	22910	97.518	23.156	18.375	27.226	54.131	99.149	45.018
aa-rwlt-coding-agent-011	15	3730	23493	86.298	142.594	27.579	37.039	106.73	161.449	54.719
aa-rwlt-coding-agent-011	16	796	27223	97.159	31.688	29.503	39.357	66.809	114.317	47.508
aa-rwlt-coding-agent-011	17	520	28019	98.178	20.719	30.234	39.808	58.249	111.93	53.681
aa-rwlt-coding-agent-011	18	1169	28539	96.065	46.312	34.033	44.49	74.928	135.075	60.147
aa-rwlt-coding-agent-011	19	530	29708	98.247	20.719	35.218	46.043	60.498	123.043	62.545
aa-rwlt-coding-agent-011	20	493	30238	98.396	19.5	36.542	46.988	62.052	117.612	55.56
aa-rwlt-coding-agent-011	21	923	30731	97.084	36.562	39.596	50.506	72.344	137.717	65.373
aa-rwlt-coding-agent-011	22	619	31654	98.082	24.375	41.58	52.972	75.048	134.82	59.772
aa-rwlt-coding-agent-011	23	355	32273	98.912	14.625	42.477	53.455	64.331	131.046	66.715
aa-rwlt-coding-agent-011	24	566	32628	98.295	23.156	44.139	55.026	71.53	141.167	69.637
aa-rwlt-coding-agent-011	25	903	33194	97.352	35.344	46.903	59.033	70.938	145.362	74.424
aa-rwlt-coding-agent-011	26	2075	34097	94.264	80.438	54.352	66.47	100.704	182.062	81.358
aa-rwlt-coding-agent-011	27	925	36172	97.507	36.562	56.391	68.591	75.328	160.499	85.171
aa-rwlt-coding-agent-011	28	526	37097	98.602	20.719	58.798	70.974	72.361	159.513	87.152
aa-rwlt-coding-agent-011	29	896	37623	97.674	35.344	65.117	78.305	76.864	181.905	105.041
aa-rwlt-coding-agent-011	30	195	38519	99.496	8.531	66.126	78.775	68.896	162.792	93.896
aa-rwlt-coding-agent-011	31	357	38714	99.086	14.625	66.919	79.361	78.573	164.043	85.47
aa-rwlt-coding-agent-011	32	950	39071	97.626	36.562	70.844	83.626	80.104	180.26	100.156
aa-rwlt-coding-agent-011	33	668	40021	98.358	26.812	72.061	84.911	93.596	186.11	92.514
aa-rwlt-coding-agent-011	34	673	40689	98.373	26.812	75.368	88.372	78.947	185.651	106.704
aa-rwlt-coding-agent-011	35	1074	41362	97.469	42.656	78.844	91.846	95.882	200.457	104.575
aa-rwlt-coding-agent-011	36	396	42436	99.075	15.844	81.075	94.365	71.034	182.971	111.937
aa-rwlt-coding-agent-011	37	240	42832	99.443	9.75	82.525	95.895	76.596	186.492	109.896
aa-rwlt-coding-agent-011	38	205	43072	99.526	8.531	82.438	95.894	72.113	184.772	112.659
aa-rwlt-coding-agent-011	39	464	43277	98.939	18.281	85.205	99.344	78.72	191.255	112.535
aa-rwlt-coding-agent-011	40	552	43741	98.754	21.938	85.969	99.463	82.144	201.018	118.874
aa-rwlt-coding-agent-011	41	331	44293	99.258	13.406	88.34	102.079	75.022	193.495	118.473
aa-rwlt-coding-agent-011	42	441	44624	99.021	18.281	89.689	103.46	88.463	204.444	115.981
aa-rwlt-coding-agent-011	43	666	45065	98.544	26.812	92.864	107.175	86.947	212.267	125.32
aa-rwlt-coding-agent-011	44	173	45731	99.623	7.312	94.076	108.074	76.234	201.353	125.119
aa-rwlt-coding-agent-011	45	762	45904	98.367	30.469	98.137	112.068	89.526	223.407	133.881
aa-rwlt-coding-agent-011	46	693	46666	98.537	26.812	104.219	119.513	92.708	228.382	135.674
aa-rwlt-coding-agent-011	47	294	47359	99.383	12.188	101.838	116.349	78.027	213.131	135.104
aa-rwlt-coding-agent-011	48	243	47653	99.493	9.75	102.848	118.107	79.957	218.684	138.727
aa-rwlt-coding-agent-011	49	274	47896	99.431	12.188	104.201	118.686	79.949	216.017	136.068
aa-rwlt-coding-agent-011	50	389	48170	99.199	15.844	106.092	120.818	96.592	221.715	125.123
aa-rwlt-coding-agent-011	51	268	48559	99.451	10.969	107.312	122.044	86.976	220.617	133.641
aa-rwlt-coding-agent-011	52	225	48827	99.541	8.531	107.873	122.564	81.436	224.417	142.981
aa-rwlt-coding-agent-011	53	128	49052	99.74	4.875	109.541	124.384	81.384	223.747	142.363
aa-rwlt-coding-agent-011	54	247	49180	99.5	9.75	110.792	125.481	81.67	231.147	149.477
aa-rwlt-coding-agent-011	55	159	49427	99.679	7.312	110.466	126.778	82.504	232.409	149.905
aa-rwlt-coding-agent-011	56	1	49585	99.998	1.219	111.011	127.235	79.837	227.306	147.469
aa-rwlt-coding-agent-011	57	1172	49586	97.691	46.312	116.801	132.277	110.188	262.793	152.605
aa-rwlt-coding-agent-011	58	1081	50758	97.915	41.438	123.108	138.73	112.113	274.147	162.034
aa-rwlt-coding-agent-011	59	329	51839	99.369	13.406	123.409	139.069	85.599	246.48	160.881
aa-rwlt-coding-agent-011	60	947	52168	98.217	36.562	128.983	145.687	102.204	270.139	167.935
aa-rwlt-coding-agent-011	61	350	53115	99.345	13.406	129.856	146.094	88.593	259.346	170.753
aa-rwlt-coding-agent-011	62	767	53465	98.586	30.469	133.912	150.276	103.318	274.77	171.452
aa-rwlt-coding-agent-051	0	7455	2109	22.051	285.188	5.471	10.832	87.226	106.358	19.132
aa-rwlt-coding-agent-051	1	8311	9564	53.505	318.094	13.049	20.388	127.755	157.961	30.206
aa-rwlt-coding-agent-051	2	376	17875	97.94	15.844	11.71	19.028	42.328	71.098	28.77
aa-rwlt-coding-agent-051	3	810	18251	95.75	31.688	11.169	18.704	46.015	81.387	35.372
aa-rwlt-coding-agent-051	4	1314	19061	93.551	51.188	13.348	21.153	66.148	86.406	20.258
aa-rwlt-coding-agent-051	5	549	20375	97.376	21.938	13.782	21.734	45.816	80.156	34.34
aa-rwlt-coding-agent-051	6	533	20924	97.516	21.938	14.42	22.455	47.683	80.449	32.766
aa-rwlt-coding-agent-051	7	6958	21457	75.513	265.688	30.946	40.917	145.995	200.631	54.636
aa-rwlt-coding-agent-051	8	1290	28415	95.657	49.969	39.252	49.984	69.061	154.582	85.521
aa-rwlt-coding-agent-051	9	533	29705	98.237	20.719	40.468	51.072	57.048	123.197	66.149
aa-rwlt-coding-agent-051	10	207	30238	99.32	8.531	40.323	50.69	53.578	119.283	65.705
aa-rwlt-coding-agent-051	11	381	30445	98.764	15.844	40.559	51.004	55.212	118.56	63.348
aa-rwlt-coding-agent-051	12	401	30826	98.716	15.844	41.332	51.883	58.671	120.31	61.639
aa-rwlt-coding-agent-051	13	1102	31227	96.591	42.656	44.184	55.189	71.56	141.181	69.621
aa-rwlt-coding-agent-051	14	1640	32329	95.172	63.375	49.973	61.162	92.698	165.7	73.002
aa-rwlt-coding-agent-051	15	3584	33969	90.456	137.719	61.954	74.563	130.07	214.072	84.002
aa-rwlt-coding-agent-051	16	315	37553	99.168	13.406	62.591	75.011	61.793	151.809	90.016
aa-rwlt-coding-agent-051	17	2982	37868	92.7	114.562	74.128	87.547	121.327	224.705	103.378
aa-rwlt-coding-agent-051	18	384	40850	99.069	15.844	75.305	88.902	64.92	170.487	105.567
aa-rwlt-coding-agent-051	19	2413	41234	94.472	92.625	85.435	99.449	114.553	232.143	117.59
aa-rwlt-coding-agent-051	20	127	43647	99.71	4.875	84.674	99.988	66.579	182.212	115.633
aa-rwlt-coding-agent-051	21	400	43774	99.094	15.844	86.959	101.093	69.185	188.772	119.587
aa-rwlt-coding-agent-051	22	968	44174	97.856	37.781	90.745	105.113	86.673	204.455	117.782
aa-rwlt-coding-agent-051	23	89	45142	99.803	4.875	90.772	104.959	68.438	188.688	120.25
aa-rwlt-coding-agent-051	24	152	45231	99.665	7.312	92.523	108.319	69.165	195.23	126.065
aa-rwlt-coding-agent-051	25	56	45383	99.877	2.438	92.309	106.873	68.992	191.284	122.292
aa-rwlt-coding-agent-051	26	217	45439	99.525	8.531	92.586	107.414	70.571	195.002	124.431
aa-rwlt-coding-agent-051	27	91	45656	99.801	4.875	92.775	107.266	68.529	196.645	128.116
aa-rwlt-coding-agent-051	28	3002	45747	93.842	115.781	107.762	123.613	137.481	279.353	141.872
aa-rwlt-coding-agent-051	29	68	48749	99.861	3.656	107.268	123.16	76.598	213.671	137.073
aa-rwlt-coding-agent-051	30	498	48817	98.99	20.719	110.528	125.088	76.841	221.865	145.024
aa-rwlt-coding-agent-051	31	437	49315	99.122	17.062	112.066	126.691	76.314	226.848	150.534
aa-rwlt-coding-agent-051	32	683	49752	98.646	28.031	116.179	131.285	89.723	239.974	150.251
aa-rwlt-coding-agent-051	33	537	50435	98.946	20.719	117.779	132.89	88.337	240.25	151.913
aa-rwlt-coding-agent-051	34	564	50972	98.906	23.156	120.433	135.603	89.205	245.286	156.081
aa-rwlt-coding-agent-051	35	2864	51536	94.735	109.688	134.751	150.691	152.955	322.399	169.444
aa-rwlt-coding-agent-051	36	69	54400	99.873	3.656	134.876	159.304	84.999	257.886	172.887
aa-rwlt-coding-agent-051	37	611	54469	98.891	24.375	138.384	154.215	94.862	271.352	176.49
aa-rwlt-coding-agent-051	38	926	55080	98.347	36.562	143.814	160.247	99.572	280.639	181.067
aa-rwlt-coding-agent-051	39	3359	56006	94.342	129.188	162.077	178.947	183.973	383.898	199.925
aa-rwlt-coding-agent-051	40	126	59365	99.788	6.094	163.368	180.373	84.032	286.321	202.289
aa-rwlt-coding-agent-051	41	754	59491	98.748	29.25	166.779	184.328	103.114	308.96	205.846
aa-rwlt-coding-agent-051	42	172	60245	99.715	8.531	168.039	185.387	85.468	296.633	211.165
aa-rwlt-coding-agent-051	43	262	60417	99.568	10.969	169.807	187.409	87.409	302.452	215.043
aa-rwlt-coding-agent-051	44	72	60679	99.881	3.656	170.428	187.689	85.493	294.721	209.228
aa-rwlt-coding-agent-051	45	126	60751	99.793	6.094	170.052	187.63	86.249	296.707	210.458
aa-rwlt-coding-agent-051	46	87	60877	99.857	4.875	170.981	190.55	91.4	298.377	206.977
aa-rwlt-coding-agent-056	0	9571	0	0.0	365.625	304.264	312.442	1507.5	922.031	-585.469
aa-rwlt-coding-agent-056	1	313	9571	96.833	12.188	12.898	18.921	155.181	282.483	127.302
aa-rwlt-coding-agent-056	2	55	9884	99.447	2.438	5.818	11.204	168.938	300.349	131.411
aa-rwlt-coding-agent-056	3	3457	9939	74.194	132.844	21.469	27.742	178.874	316.148	137.274
aa-rwlt-coding-agent-056	4	3194	13396	80.747	123.094	29.167	36.347	86.902	133.804	46.902
aa-rwlt-coding-agent-056	5	15518	16590	51.669	592.312	169.052	179.801	265.712	463.487	197.775
aa-rwlt-coding-agent-056	6	480	32108	98.527	19.5	133.717	145.324	65.948	226.732	160.784
aa-rwlt-coding-agent-056	7	3057	32588	91.424	117.0	173.598	185.129	115.189	318.789	203.6
aa-rwlt-coding-agent-056	8	18482	35645	65.854	704.438	505.349	521.635	444.484	987.681	543.197
aa-rwlt-coding-agent-056	9	675	54127	98.768	26.812	463.737	481.183	97.588	599.367	501.779
aa-rwlt-coding-agent-056	10	67	54802	99.878	3.656	428.912	445.731	75.936	542.324	466.388
aa-rwlt-coding-agent-056	11	92	54869	99.833	4.875	379.374	395.776	76.738	489.776	413.038
aa-rwlt-coding-agent-056	12	269	54961	99.513	10.969	233.654	250.457	82.813	353.058	270.245
aa-rwlt-coding-agent-056	13	202	55230	99.636	8.531	166.879	183.409	84.84	288.386	203.546
aa-rwlt-coding-agent-056	14	406	55432	99.273	15.844	156.973	175.215	86.591	279.64	193.049
aa-rwlt-coding-agent-056	15	245	55838	99.563	9.75	160.859	177.726	80.827	281.878	201.051
aa-rwlt-coding-agent-056	16	1026	56083	98.203	40.219	178.424	196.208	104.015	341.053	237.038
aa-rwlt-coding-agent-056	17	503	57109	99.127	20.719	177.822	195.006	79.813	296.598	216.785
aa-rwlt-coding-agent-056	18	2485	57612	95.865	96.281	213.67	231.351	144.983	398.564	253.581
aa-rwlt-coding-agent-056	19	123	60097	99.796	4.875	180.453	198.103	83.592	304.332	220.74
aa-rwlt-coding-agent-056	20	168	60220	99.722	8.531	184.156	201.507	87.998	318.633	230.635
aa-rwlt-coding-agent-056	21	71	60388	99.883	3.656	186.539	204.307	83.693	300.327	216.634
aa-rwlt-coding-agent-056	22	89	60459	99.853	4.875	190.312	208.71	76.699	305.826	229.127
aa-rwlt-coding-agent-056	23	1302	60548	97.895	49.969	198.433	216.783	125.58	359.55	233.97
aa-rwlt-coding-agent-056	24	222	61850	99.642	9.75	184.971	204.276	87.246	314.089	226.843
aa-rwlt-coding-agent-056	25	211	62072	99.661	9.75	190.613	209.028	85.059	313.904	228.845
aa-rwlt-coding-agent-056	26	301	62283	99.519	12.188	197.958	216.199	89.205	330.653	241.448
aa-rwlt-coding-agent-056	27	1061	62584	98.333	41.438	221.092	239.737	128.754	378.521	249.767
aa-rwlt-coding-agent-056	28	329	63645	99.486	13.406	212.282	230.85	91.708	344.902	253.194
aa-rwlt-coding-agent-056	29	139	63974	99.783	6.094	194.979	214.029	92.35	328.445	236.095
aa-rwlt-coding-agent-056	30	1481	64113	97.742	57.281	231.995	251.466	131.719	405.725	274.006
aa-rwlt-coding-agent-056	31	407	65594	99.383	17.062	224.486	243.738	96.779	356.079	259.3
aa-rwlt-coding-agent-056	32	225	66001	99.66	9.75	212.191	231.953	89.18	349.486	260.306
aa-rwlt-coding-agent-056	33	96	66226	99.855	4.875	218.428	238.09	87.943	348.392	260.449
aa-rwlt-coding-agent-056	34	824	66322	98.773	32.906	235.106	254.755	124.422	393.367	268.945
aa-rwlt-coding-agent-056	35	1106	67146	98.38	42.656	243.619	264.042	123.038	411.931	288.893
aa-rwlt-coding-agent-056	36	390	68252	99.432	17.062	238.953	259.496	101.962	381.68	279.718
aa-rwlt-coding-agent-056	37	1070	68642	98.465	41.438	270.413	290.989	126.101	440.721	314.62
aa-rwlt-coding-agent-056	38	703	69712	99.002	28.031	284.795	305.361	119.559	444.038	324.479
aa-rwlt-coding-agent-056	39	1728	70415	97.605	67.031	334.035	355.256	148.156	528.875	380.719
aa-rwlt-coding-agent-056	40	2703	72143	96.389	103.594	363.981	385.821	179.243	588.333	409.09
aa-rwlt-coding-agent-056	41	295	74846	99.607	12.188	264.707	286.733	99.236	411.523	312.287
aa-rwlt-coding-agent-056	42	197	75141	99.739	8.531	270.247	292.889	98.491	424.814	326.323
aa-rwlt-coding-agent-056	43	624	75338	99.179	24.375	290.806	312.818	123.789	462.923	339.134
aa-rwlt-coding-agent-056	44	83	75962	99.891	4.875	289.893	311.771	102.843	437.211	334.368
aa-rwlt-coding-agent-056	45	88	76045	99.884	4.875	274.756	296.733	97.386	419.754	322.368
aa-rwlt-coding-agent-056	46	540	76133	99.296	21.938	287.515	309.594	129.085	463.269	334.184
aa-rwlt-coding-agent-056	47	112	76673	99.854	4.875	289.884	311.682	105.129	438.187	333.058
aa-rwlt-coding-agent-056	48	285	76785	99.63	12.188	299.676	321.808	108.429	453.516	345.087
aa-rwlt-coding-agent-056	49	121	77070	99.843	6.094	304.911	326.882	98.798	454.457	355.659
aa-rwlt-coding-agent-056	50	125	77191	99.838	6.094	307.081	329.094	105.33	456.61	351.28
aa-rwlt-coding-agent-056	51	430	77316	99.447	17.062	303.384	326.285	115.9	468.356	352.456
aa-rwlt-coding-agent-056	52	181	77746	99.768	8.531	306.144	328.408	106.604	461.491	354.887
aa-rwlt-coding-agent-056	53	294	77927	99.624	12.188	295.799	318.318	106.094	451.088	344.994
aa-rwlt-coding-agent-056	54	122	78221	99.844	6.094	300.166	323.134	103.422	454.553	351.131
aa-rwlt-coding-agent-056	55	159	78343	99.797	7.312	303.419	326.024	110.046	461.78	351.734
aa-rwlt-coding-agent-056	56	363	78502	99.54	14.625	316.955	339.509	120.447	488.137	367.69
aa-rwlt-coding-agent-056	57	976	78865	98.778	39.0	324.03	346.825	129.521	509.566	380.045
aa-rwlt-coding-agent-056	58	975	79841	98.794	37.781	340.044	363.647	136.973	522.002	385.029
aa-rwlt-coding-agent-056	59	783	80816	99.04	30.469	346.686	370.133	135.15	537.236	402.086
aa-rwlt-coding-agent-056	60	83	81599	99.898	3.656	344.569	368.385	112.387	503.832	391.445
aa-rwlt-coding-agent-073	0	7919	2028	20.388	302.25	5.746	11.398	96.828	115.143	18.315
aa-rwlt-coding-agent-073	1	421	9947	95.939	17.062	6.087	11.793	36.865	60.213	23.348
aa-rwlt-coding-agent-073	2	2344	9947	80.929	90.188	6.822	12.611	55.707	78.45	22.743
aa-rwlt-coding-agent-073	3	1315	12291	90.335	51.188	6.399	12.513	46.849	69.276	22.427
aa-rwlt-coding-agent-073	4	1053	13606	92.817	41.438	6.677	12.859	51.311	68.469	17.158
aa-rwlt-coding-agent-073	5	469	14659	96.9	18.281	6.507	13.05	41.978	63.031	21.053
aa-rwlt-coding-agent-073	6	4724	10368	68.699	180.375	6.307	12.557	81.944	104.192	22.248
aa-rwlt-coding-agent-073	7	1541	15128	90.755	59.719	8.386	15.212	62.774	86.82	24.046
aa-rwlt-coding-agent-073	8	155	16669	99.079	6.094	8.361	15.309	43.283	68.215	24.932
aa-rwlt-coding-agent-073	9	180	16824	98.941	8.531	7.95	15.016	44.694	68.848	24.154
aa-rwlt-coding-agent-073	10	95	17004	99.444	4.875	7.982	15.15	53.351	68.374	15.023
aa-rwlt-coding-agent-073	11	621	17099	96.495	24.375	9.05	16.386	46.453	72.755	26.302
aa-rwlt-coding-agent-073	12	374	17720	97.933	15.844	9.538	17.031	46.861	72.868	26.007
aa-rwlt-coding-agent-073	13	191	18094	98.955	8.531	9.532	17.602	47.432	76.722	29.29
aa-rwlt-coding-agent-073	14	692	18285	96.353	28.031	10.518	18.507	49.569	78.557	28.988
aa-rwlt-coding-agent-073	15	1231	18977	93.908	47.531	13.061	21.021	58.734	91.819	33.085
aa-rwlt-coding-agent-073	16	312	20208	98.48	13.406	13.195	21.337	50.102	86.262	36.16
aa-rwlt-coding-agent-073	17	105	20520	99.491	4.875	12.814	21.001	51.288	82.819	31.531
aa-rwlt-coding-agent-073	18	72	20625	99.652	3.656	12.699	20.912	49.949	80.495	30.546
aa-rwlt-coding-agent-073	19	360	20697	98.29	15.844	13.554	21.759	51.178	83.687	32.509
aa-rwlt-coding-agent-073	20	77	21057	99.636	3.656	13.654	21.92	51.275	88.286	37.011
aa-rwlt-coding-agent-073	21	1322	21134	94.113	51.188	16.566	25.319	64.493	104.098	39.605
aa-rwlt-coding-agent-073	22	465	22456	97.971	19.5	17.589	26.622	53.276	92.078	38.802
aa-rwlt-coding-agent-073	23	1497	22921	93.869	58.5	19.874	29.387	69.542	112.2	42.658
aa-rwlt-coding-agent-073	24	300	24418	98.786	12.188	20.11	33.283	55.693	101.218	45.525
aa-rwlt-coding-agent-073	25	1391	24718	94.672	53.625	23.086	32.692	76.999	121.9	44.901
aa-rwlt-coding-agent-073	26	12322	15092	55.052	470.438	28.412	38.349	214.127	265.905	51.778
aa-rwlt-coding-agent-073	27	589	27414	97.897	24.375	28.886	39.275	63.324	119.056	55.732
aa-rwlt-coding-agent-073	28	3161	28003	89.857	120.656	37.879	48.775	110.81	175.301	64.491
aa-rwlt-coding-agent-073	29	5455	26109	82.718	208.406	39.224	50.476	146.499	213.448	66.949
aa-rwlt-coding-agent-073	30	1234	31164	96.191	48.75	41.13	52.276	79.241	147.071	67.83
aa-rwlt-coding-agent-073	31	1124	31564	96.561	43.875	42.31	53.719	83.962	153.314	69.352
aa-rwlt-coding-agent-073	32	100	32688	99.695	4.875	42.458	53.658	67.675	134.907	67.232
aa-rwlt-coding-agent-073	33	247	32788	99.252	10.969	43.325	54.643	64.661	134.341	69.68
aa-rwlt-coding-agent-073	34	272	33035	99.183	10.969	44.084	55.424	63.861	137.725	73.864
aa-rwlt-coding-agent-073	35	115	33307	99.656	4.875	44.253	56.209	65.15	135.44	70.29
aa-rwlt-coding-agent-073	36	114	33422	99.66	4.875	44.93	56.369	63.876	135.831	71.955
aa-rwlt-coding-agent-073	37	89	33536	99.735	3.656	44.663	56.296	64.289	138.639	74.35
aa-rwlt-coding-agent-073	38	333	33625	99.019	13.406	46.715	59.302	66.462	141.103	74.641
aa-rwlt-coding-agent-073	39	231	33958	99.324	9.75	46.927	58.479	73.254	140.709	67.455
aa-rwlt-coding-agent-073	40	159	34189	99.537	7.312	47.108	58.341	65.944	139.389	73.445
aa-rwlt-coding-agent-073	41	294	34348	99.151	12.188	49.032	60.306	67.161	143.414	76.253
aa-rwlt-coding-agent-073	42	99	34642	99.715	4.875	49.272	61.202	69.869	145.641	75.772
aa-rwlt-coding-agent-073	43	170	34741	99.513	7.312	49.858	61.719	69.15	145.992	76.842
aa-rwlt-coding-agent-073	44	331	34911	99.061	13.406	50.123	62.106	69.73	146.866	77.136
aa-rwlt-coding-agent-073	45	4289	32398	88.309	164.531	55.946	68.422	141.139	225.852	84.713
aa-rwlt-coding-agent-073	46	1903	35242	94.877	73.125	57.726	69.907	107.758	193.758	86.0
aa-rwlt-coding-agent-073	47	255	37145	99.318	10.969	58.198	70.569	73.682	161.466	87.784
aa-rwlt-coding-agent-073	48	1408	37400	96.372	54.844	63.613	76.491	96.231	188.785	92.554
aa-rwlt-coding-agent-073	49	495	38808	98.741	20.719	64.699	77.785	75.129	177.289	102.16
aa-rwlt-coding-agent-073	50	8219	36687	81.697	314.438	88.768	103.111	232.393	356.556	124.163
aa-rwlt-coding-agent-073	51	6127	39303	86.513	234.0	90.918	105.56	200.012	321.332	121.32
aa-rwlt-coding-agent-073	52	434	45430	99.054	18.281	92.863	107.365	83.324	210.484	127.16
aa-rwlt-coding-agent-073	53	491	45864	98.941	19.5	95.233	109.934	84.757	213.856	129.099
aa-rwlt-coding-agent-073	54	254	46355	99.455	10.969	95.825	110.585	83.987	214.453	130.466
aa-rwlt-coding-agent-073	55	157	46609	99.664	7.312	96.668	111.063	84.042	213.063	129.021
aa-rwlt-coding-agent-073	56	1066	46766	97.771	41.438	101.525	116.389	111.748	244.617	132.869
aa-rwlt-coding-agent-073	57	2999	44906	93.74	115.781	102.039	117.668	146.678	285.811	139.133
aa-rwlt-coding-agent-073	58	888	47832	98.177	35.344	105.697	120.847	99.828	239.622	139.794
aa-rwlt-coding-agent-073	59	319	48720	99.349	13.406	107.528	124.264	93.022	231.707	138.685
aa-rwlt-coding-agent-073	60	99	49039	99.799	4.875	107.742	122.889	84.409	226.997	142.588
aa-rwlt-coding-agent-073	61	278	49138	99.437	12.188	108.828	124.397	86.62	230.698	144.078
aa-rwlt-coding-agent-073	62	447	49416	99.104	18.281	111.578	127.128	88.708	236.897	148.189
aa-rwlt-coding-agent-073	63	407	49863	99.19	15.844	112.906	128.309	88.258	238.203	149.945
aa-rwlt-coding-agent-073	64	774	50270	98.484	31.688	116.7	132.696	102.321	255.602	153.281
aa-rwlt-coding-agent-073	65	461	51044	99.105	18.281	118.647	134.523	91.633	246.723	155.09
aa-rwlt-coding-agent-073	66	257	51505	99.503	10.969	120.335	136.615	89.668	254.615	164.947
aa-rwlt-coding-agent-073	67	226	51762	99.565	9.75	121.43	137.559	89.082	252.602	163.52
