conversation_id	conversation_idx	input_tokens	cached_tokens_agg	cached_tokens_disagg	ttft_server_agg_ms	ttft_server_disagg_ms	delta_ttft_ms	proxy_to_ctx_ms	ctx_postproc_ms	relay_hop_ms	gen_preproc_ms	gen_queue_ms	gen_first_decode_ms	proxy_to_client_ms	delta_preproc_ms	delta_queue_ms	delta_prefill_ms	delta_postproc_ms	delta_gpu_forward_ms	delta_prefill_host_ms
aa-rwlt-coding-agent-010	0	10260	2070	2070	95.970	153.941	57.971	0.842	2.230	4.892	1.554	18.235	5.587	0.482	4.184	1.525	23.399	-4.959		
aa-rwlt-coding-agent-010	1	18551	10263	10260	125.349	69.821	-55.528	0.866	3.059	4.941	1.651	16.793	5.582	0.501	0.047	0.239	-84.161	-5.046		
aa-rwlt-coding-agent-010	2	18716	18554	18551	42.454	68.297	25.843	0.903	2.303	5.080	1.712	16.175	5.537	0.506	0.304	0.153	-1.760	-5.070		
aa-rwlt-coding-agent-010	3	19031	18719	18716	42.065	100.410	58.345	2.507	3.105	5.320	1.788	19.225	5.960	0.478	0.893	0.684	22.398	-4.013		
aa-rwlt-coding-agent-010	4	20861	19034	19031	64.025	93.357	29.332	0.998	2.207	5.624	1.898	21.704	5.652	0.522	0.586	0.523	-5.378	-5.004		
aa-rwlt-coding-agent-010	5	22210	20864	20861	58.923	81.255	22.332	1.087	2.163	5.816	1.933	21.847	5.510	0.523	0.134	0.328	-12.339	-4.670		
aa-rwlt-coding-agent-010	6	22317	22213	22210	46.908	99.602	52.694	1.112	2.890	5.963	1.996	23.612	5.622	0.490	0.634	0.468	14.848	-4.941		
aa-rwlt-coding-agent-010	7	23712	22323	22317	62.413	83.497	21.084	1.076	2.106	5.982	2.063	23.820	5.660	0.501	0.033	0.263	-16.366	-4.054		
aa-rwlt-coding-agent-010	8	23811	23715	23712	46.610	123.239	76.629	1.202	2.735	6.507	2.244	27.939	5.583	0.492	1.141	1.102	32.661	-4.977		
aa-rwlt-coding-agent-010	9	25724	23816	23811	73.122	89.441	16.319	1.173	2.213	6.399	2.203	27.832	5.637	0.504	0.271	0.209	-25.191	-4.931		
aa-rwlt-coding-agent-010	10	25896	25727	25724	49.091	117.305	68.214	1.273	2.579	6.672	2.306	30.828	5.591	0.488	0.880	0.613	21.713	-4.729		
aa-rwlt-coding-agent-010	11	27162	25899	25896	72.260	97.719	25.459	1.245	2.246	6.728	2.391	31.037	5.634	0.499	0.403	0.638	-21.886	-3.476		
aa-rwlt-coding-agent-010	12	27314	27165	27162	50.860	106.249	55.389	1.332	2.533	6.874	2.429	32.770	5.678	0.499	0.585	0.369	7.089	-4.769		
aa-rwlt-coding-agent-010	13	28039	27317	27314	59.169	116.735	57.566	1.981	2.410	7.237	2.634	37.708	5.714	1.434	1.035	1.114	1.442	-5.143		
aa-rwlt-coding-agent-010	14	28901	28042	28039	68.105	119.924	51.819	1.266	2.789	13.807	2.822	37.910	5.660	0.383	0.509	0.436	-8.581	-5.182		
aa-rwlt-coding-agent-010	15	29498	28907	28901	59.905	120.067	60.162	1.684	2.608	7.339	2.732	39.650	6.370	0.396	0.805	0.357	2.262	-4.041		
aa-rwlt-coding-agent-010	16	30329	29501	29498	64.368	111.298	46.930	1.449	3.220	7.460	2.557	39.977	5.694	0.383	0.646	0.012	-8.972	-5.496		
aa-rwlt-coding-agent-010	17	30577	30332	30329	56.799	121.498	64.699	1.513	2.497	7.541	2.808	41.597	5.668	0.495	0.541	0.297	6.039	-4.297		
aa-rwlt-coding-agent-010	18	31240	30580	30577	64.081	112.558	48.477	2.011	2.350	7.522	2.670	42.008	5.689	0.502	0.190	0.235	-9.257	-5.443		
aa-rwlt-coding-agent-010	19	31368	31243	31240	57.569	142.246	84.677	1.503	2.561	7.850	2.777	46.238	5.655	0.489	0.518	0.468	20.806	-4.188		
aa-rwlt-coding-agent-010	20	32886	31371	31368	79.568	124.450	44.882	1.600	2.536	8.115	2.905	47.883	5.684	0.482	0.460	0.314	-19.441	-5.656		
aa-rwlt-coding-agent-010	21	33305	32889	32886	61.048	123.319	62.271	1.611	2.397	8.055	2.839	48.582	5.777	0.542	0.167	0.039	-2.838	-4.900		
aa-rwlt-coding-agent-010	22	33470	33308	33305	60.059	138.641	78.582	1.606	2.583	8.099	2.910	50.925	5.936	0.484	0.558	0.094	9.441	-4.054		
aa-rwlt-coding-agent-010	23	34383	33474	33470	71.526	144.186	72.660	1.639	2.510	8.345	3.042	54.447	7.146	0.483	0.571	0.364	-1.704	-4.183		
aa-rwlt-coding-agent-010	24	35126	34390	34383	70.547	147.693	77.146	1.785	2.589	8.430	3.132	56.595	5.622	0.504	0.710	0.150	1.589	-3.960		
aa-rwlt-coding-agent-010	25	36013	35129	35126	79.332	141.146	61.814	1.712	2.203	10.936	3.042	58.569	6.716	0.490	0.594	-0.018	-16.629	-5.801		
aa-rwlt-coding-agent-010	26	36277	36024	36013	62.633	138.948	76.315	1.764	2.774	8.408	3.093	59.143	5.798	0.488	0.543	-0.136	-1.053	-4.507		
aa-rwlt-coding-agent-010	27	36546	36284	36277	65.396	140.060	74.664	1.768	2.484	8.495	3.046	58.702	5.578	0.553	0.058	-0.003	-1.716	-4.301		
aa-rwlt-coding-agent-010	28	36776	36549	36546	65.510	151.793	86.283	1.733	2.428	8.628	3.255	61.321	5.735	0.481	0.253	0.166	7.552	-5.269		
aa-rwlt-coding-agent-010	29	37467	36779	36776	74.048	198.273	124.225	2.076	2.706	52.689	3.134	63.499	5.875	0.499	0.438	0.317	-1.818	-5.190		
aa-rwlt-coding-agent-010	30	37997	37470	37467	73.215	148.809	75.594	1.880	2.521	8.961	3.314	63.982	6.155	0.484	0.431	-0.018	-7.941	-4.175		
aa-rwlt-coding-agent-010	31	38404	38000	37997	66.796	159.922	93.126	1.945	2.256	8.913	3.343	66.704	5.944	0.478	0.365	0.044	8.328	-5.194		
aa-rwlt-coding-agent-010	32	39004	38408	38404	76.657	158.150	81.493	2.474	2.616	9.237	3.466	68.703	6.855	0.553	0.643	0.474	-8.965	-4.563		
aa-rwlt-coding-agent-010	33	39322	39007	39004	67.861	156.940	89.079	1.947	2.519	9.122	3.305	70.797	5.886	0.485	0.631	-0.118	-0.672	-4.823		
aa-rwlt-coding-agent-010	34	39689	39325	39322	72.475	168.935	96.460	2.079	2.598	9.194	3.421	72.954	5.599	0.487	0.626	-0.737	5.299	-5.060		
aa-rwlt-coding-agent-010	35	40352	39693	39689	79.394	173.521	94.127	2.030	2.595	9.397	3.566	75.485	6.350	0.511	0.417	-0.334	-0.590	-5.300		
aa-rwlt-coding-agent-010	36	40941	40355	40352	79.298	163.160	83.862	1.946	2.698	9.394	3.684	74.152	6.490	0.485	0.330	-0.018	-10.044	-5.255		
aa-rwlt-coding-agent-010	37	41149	40947	40941	70.904	168.766	97.862	2.012	2.601	9.348	3.491	76.826	5.702	0.496	0.456	-0.139	1.819	-4.750		
aa-rwlt-coding-agent-010	38	41659	41152	41149	73.563	168.132	94.569	1.981	2.482	9.454	3.308	77.569	5.858	0.484	0.147	-0.287	-1.606	-4.821		
aa-rwlt-coding-agent-010	39	41905	41662	41659	70.002	182.805	112.803	2.071	2.604	9.554	3.502	81.343	5.697	0.548	0.462	-0.188	12.039	-4.829		
aa-rwlt-coding-agent-010	40	42638	41910	41905	83.568	235.921	152.353	2.109	2.506	10.014	3.729	92.406	5.776	0.540	1.248	0.422	38.299	-4.696		
aa-rwlt-coding-agent-010	41	45126	42641	42638	124.119	183.497	59.378	2.109	2.492	10.072	3.645	90.827	5.708	0.484	0.237	-0.081	-51.038	-5.077		
aa-rwlt-coding-agent-010	42	45271	45129	45126	75.291	188.319	113.028	2.152	3.201	10.130	3.603	92.215	5.747	0.517	-0.231	2.205	-2.930	-3.581		
aa-rwlt-coding-agent-010	43	45358	45281	45271	77.734	218.848	141.114	2.152	2.391	10.325	3.684	99.678	5.806	0.484	-1.167	0.017	22.910	-5.166		
aa-rwlt-coding-agent-010	44	46425	45361	45358	103.855	191.928	88.073	2.174	2.025	10.322	3.743	97.334	5.759	0.496	0.080	-1.186	-28.198	-4.476		
aa-rwlt-coding-agent-010	45	46510	46428	46425	77.235	224.250	147.015	2.183	2.908	10.505	3.776	101.785	5.835	0.527	0.305	-0.034	24.665	-5.440		
aa-rwlt-coding-agent-010	46	47581	46513	46510	101.784	196.854	95.070	2.199	2.219	10.496	3.952	101.862	6.046	0.481	-0.004	0.015	-26.770	-5.426		
aa-rwlt-coding-agent-010	47	47668	47584	47581	77.139	205.854	128.715	2.235	2.824	10.638	3.938	103.465	5.400	0.493	0.083	0.323	1.420	-2.104		
aa-rwlt-coding-agent-010	48	47869	47671	47668	79.452	206.178	126.726	2.305	2.616	10.694	3.996	105.243	5.835	0.514	-0.050	0.269	0.299	-4.995		
aa-rwlt-coding-agent-010	49	48249	47872	47869	80.629	218.542	137.913	2.311	2.703	10.755	4.039	106.996	5.823	0.481	0.596	0.089	8.836	-4.716		
aa-rwlt-coding-agent-010	50	48782	48252	48249	90.920	209.728	118.808	2.231	2.464	10.770	3.982	107.073	5.850	0.503	0.159	0.070	-9.477	-4.817		
aa-rwlt-coding-agent-010	51	49016	48785	48782	84.827	228.430	143.603	2.357	2.701	10.987	4.091	112.142	5.765	0.503	-0.058	-0.809	11.649	-5.725		
aa-rwlt-coding-agent-010	52	49855	49019	49016	95.596	212.802	117.206	2.440	2.578	10.976	4.176	112.247	5.835	0.486	-0.151	0.058	-17.215	-4.224		
aa-rwlt-coding-agent-010	53	49929	49858	49855	81.445	248.093	166.648	2.402	2.666	11.143	4.219	117.171	7.039	0.496	0.416	-0.023	26.899	-5.780		
aa-rwlt-coding-agent-010	54	51011	49932	49929	109.554	277.581	168.027	3.102	2.584	11.513	4.301	125.725	5.811	0.502	0.766	0.426	18.087	-4.790		
aa-rwlt-coding-agent-010	55	52930	51014	51011	128.725	277.099	148.374	2.679	2.794	11.957	4.658	133.942	6.229	0.483	0.546	0.702	-11.325	-4.291		
aa-rwlt-coding-agent-010	56	54370	52939	52930	116.639	305.190	188.551	2.579	3.134	12.321	4.594	143.394	6.517	0.486	0.536	0.454	18.941	-4.405		
aa-rwlt-coding-agent-010	57	56362	54373	54370	137.337	257.638	120.301	2.666	2.727	12.260	4.599	144.505	5.900	0.493	0.157	0.244	-48.165	-5.085		
aa-rwlt-coding-agent-010	58	56549	56367	56362	90.170	311.990	221.820	2.619	2.650	12.510	4.793	152.997	5.885	0.485	0.597	-0.345	44.292	-4.663		
aa-rwlt-coding-agent-010	59	58113	56554	56549	136.868	288.691	151.823	2.654	2.714	13.007	4.730	157.180	5.930	0.493	-0.379	-1.252	-27.816	-5.438		
aa-rwlt-coding-agent-010	60	58941	58116	58113	109.195	295.715	186.520	2.713	2.812	12.881	5.086	161.718	5.917	0.503	0.055	0.561	-0.470	-5.256		
aa-rwlt-coding-agent-010	61	59745	58944	58941	110.546	299.172	188.626	2.631	2.721	13.040	4.762	165.066	7.024	0.506	0.011	0.000	-1.754	-5.381		
aa-rwlt-coding-agent-010	62	60484	59748	59745	110.888	311.414	200.526	2.827	2.760	13.065	4.869	169.961	5.988	0.514	0.182	0.360	5.557	-5.557		
aa-rwlt-coding-agent-010	63	61143	60487	60484	113.458	334.204	220.746	3.349	2.820	13.762	4.860	178.748	6.251	0.481	-1.056	-0.300	16.678	-4.847		
aa-rwlt-coding-agent-010	64	62395	61147	61143	131.580	305.039	173.459	2.795	2.503	13.454	4.983	180.623	6.245	0.514	-2.195	-0.587	-29.569	-5.307		
aa-rwlt-coding-agent-010	65	62837	62398	62395	102.354	321.555	219.201	2.901	2.869	13.568	5.575	183.038	5.839	0.491	0.130	-0.091	10.132	-5.251		
aa-rwlt-coding-agent-010	66	63368	62840	62837	111.791	331.352	219.561	2.884	2.863	13.605	5.204	188.140	7.609	0.636	1.786	0.196	2.752	-6.114		
aa-rwlt-coding-agent-010	67	64141	63375	63368	117.080	313.819	196.739	2.748	2.703	13.610	5.142	187.559	6.589	0.497	0.093	-0.215	-16.199	-5.788		
aa-rwlt-coding-agent-010	68	64511	64152	64141	106.371	323.451	217.080	2.967	3.038	14.070	5.398	192.143	7.021	0.487	0.621	-0.068	-5.339	-3.258		
aa-rwlt-coding-agent-010	69	64846	64516	64511	103.357	325.461	222.104	2.935	2.822	14.041	5.269	194.932	6.126	0.377	0.800	0.281	0.287	-5.766		
aa-rwlt-coding-agent-010	70	65309	64850	64846	105.531	352.025	246.494	3.115	2.735	14.455	5.342	197.969	6.344	0.509	0.089	-0.024	20.055	-4.095		
aa-rwlt-coding-agent-010	71	65936	65314	65309	118.971	347.361	228.390	2.891	2.825	14.343	5.368	202.214	6.239	0.536	0.674	0.060	-1.727	-5.033		
aa-rwlt-coding-agent-010	72	66489	65940	65936	118.384	357.061	238.677	3.520	2.831	14.821	5.710	206.813	7.163	0.468	0.950	0.915	1.052	-5.566		
aa-rwlt-coding-agent-010	73	67138	66492	66489	134.242	361.912	227.670	2.986	2.738	14.440	5.478	211.426	6.651	0.468	0.816	-1.091	-10.567	-5.675		
aa-rwlt-coding-agent-010	74	67954	67145	67138	122.593	366.671	244.078	3.030	2.621	14.452	5.279	215.973	6.663	0.465	1.100	0.106	-1.525	-4.086		
aa-rwlt-coding-agent-010	75	68686	67959	67954	126.763	352.601	225.838	3.262	2.965	14.874	6.015	218.009	6.302	0.528	0.794	-0.745	-20.673	-5.493		
aa-rwlt-coding-agent-010	76	68849	68697	68686	105.524	358.016	252.492	3.087	2.812	14.684	5.527	220.559	6.251	0.463	0.325	-0.599	3.584	-4.201		
aa-rwlt-coding-agent-010	77	69259	68850	68849	110.428	357.646	247.218	3.108	2.839	14.627	5.422	221.879	6.561	0.482	0.269	0.186	-3.207	-4.948		
aa-rwlt-coding-agent-011	0	11330	2068	2068	105.400	58.368	-47.032	0.677	2.617	3.678	1.225	10.935	5.566	0.490	0.660	1.378	-69.722	-4.536		
aa-rwlt-coding-agent-011	1	11832	11333	11332	37.468	56.718	19.250	0.731	2.309	3.741	1.219	9.472	5.456	0.480	0.654	1.480	-1.286	-5.006		
aa-rwlt-coding-agent-011	2	11974	11835	11834	37.540	55.003	17.463	0.649	2.609	3.790	1.214	8.851	5.480	0.496	0.354	1.399	-3.148	-4.231		
aa-rwlt-coding-agent-011	3	12045	11977	11976	41.376	91.213	49.837	0.774	2.121	4.120	1.586	12.421	5.756	0.380	0.972	2.359	24.988	-5.640		
aa-rwlt-coding-agent-011	4	14404	12048	12047	68.955	87.363	18.408	0.834	2.396	4.471	1.454	14.553	5.940	0.442	1.050	0.444	-8.417	-4.759		
aa-rwlt-coding-agent-011	5	16329	14407	14406	61.027	75.496	14.469	0.923	1.900	4.511	1.476	14.421	5.639	0.517	0.555	0.179	-10.565	-5.087		
aa-rwlt-coding-agent-011	6	16845	16332	16331	55.435	65.068	9.633	0.912	1.950	4.593	1.527	14.014	6.032	0.522	0.245	0.113	-14.904	-5.371		
aa-rwlt-coding-agent-011	7	17244	16851	16847	42.970	126.155	83.185	1.055	2.569	5.440	1.774	22.392	5.893	0.502	1.987	0.925	46.122	-5.474		
aa-rwlt-coding-agent-011	8	21037	17253	17246	95.504	79.080	-16.424	1.120	2.081	5.404	1.847	22.113	5.665	0.504	0.307	0.218	-51.097	-4.586		
aa-rwlt-coding-agent-011	9	21266	21040	21039	49.728	78.768	29.040	1.135	2.305	5.428	1.898	21.005	5.655	0.496	0.096	0.227	-4.731	-4.474		
aa-rwlt-coding-agent-011	10	21572	21269	21268	48.186	79.534	31.348	1.156	2.187	5.531	1.937	21.027	5.575	0.490	0.047	-0.047	-1.205	-5.350		
aa-rwlt-coding-agent-011	11	21809	21575	21574	47.357	80.808	33.451	1.172	2.517	5.614	1.948	20.781	5.664	0.484	0.343	-0.116	-1.631	-3.325		
aa-rwlt-coding-agent-011	12	22017	21812	21811	48.142	95.209	47.067	1.235	2.125	5.875	2.028	22.032	5.613	0.498	0.808	0.269	11.712	-5.128		
aa-rwlt-coding-agent-011	13	22908	22020	22019	63.695	94.891	31.196	1.179	2.500	5.836	2.014	23.834	5.518	0.491	0.011	0.512	-5.968	-4.731		
aa-rwlt-coding-agent-011	14	23491	22911	22910	54.184	155.664	101.480	1.574	2.250	6.815	2.384	32.172	6.056	0.379	2.231	1.192	51.819	-5.392		
aa-rwlt-coding-agent-011	15	27221	23494	23493	106.140	110.216	4.076	1.540	2.680	6.919	2.533	34.468	5.997	0.398	1.265	0.396	-47.513	-4.607		
aa-rwlt-coding-agent-011	16	28017	27224	27223	60.532	109.668	49.136	1.452	2.517	6.943	2.505	35.232	5.745	0.480	1.433	0.249	-2.909	-4.511		
aa-rwlt-coding-agent-011	17	28537	28020	28019	58.806	128.612	69.806	1.358	2.488	7.259	2.474	37.982	6.059	0.382	1.340	-0.049	15.518	-5.005		
aa-rwlt-coding-agent-011	18	29706	28540	28539	75.746	113.888	38.142	1.451	2.376	7.224	2.542	38.955	5.622	0.382	0.883	0.015	-16.140	-5.168		
aa-rwlt-coding-agent-011	19	30236	29709	29708	60.181	112.820	52.639	1.505	2.463	7.339	2.701	39.587	5.611	0.479	0.827	0.021	-3.220	-4.674		
aa-rwlt-coding-agent-011	20	30729	30239	30238	60.476	131.990	71.514	1.925	2.551	7.605	2.764	43.141	6.457	0.390	1.269	0.785	10.188	-5.561		
aa-rwlt-coding-agent-011	21	31652	30734	30731	73.182	129.100	55.918	1.836	2.499	7.747	2.843	46.009	5.680	0.385	1.410	0.200	-8.838	-3.853		
aa-rwlt-coding-agent-011	22	32271	31655	31654	65.608	124.626	59.018	1.523	2.503	7.769	2.811	46.605	5.621	0.377	0.900	-0.120	-3.852	-5.119		
aa-rwlt-coding-agent-011	23	32626	32280	32273	63.502	133.970	70.468	1.579	2.336	7.694	2.857	48.213	6.049	0.393	0.606	-0.647	5.338	-3.950		
aa-rwlt-coding-agent-011	24	33192	32629	32628	70.958	136.566	65.608	1.572	2.662	7.925	2.815	50.606	6.275	0.362	0.777	0.163	-2.078	-5.471		
aa-rwlt-coding-agent-011	25	34095	33196	33194	70.099	174.078	103.979	1.906	2.479	8.371	3.000	57.818	5.717	0.378	1.178	0.629	27.365	-4.862		
aa-rwlt-coding-agent-011	26	36170	34098	34097	100.096	152.690	52.594	1.880	2.559	8.584	3.176	59.975	5.777	0.506	1.025	0.275	-27.452	-3.711		
aa-rwlt-coding-agent-011	27	37095	36177	36172	74.682	150.053	75.371	1.759	2.880	8.562	3.134	61.242	5.814	0.507	0.805	0.081	-3.839	-5.574		
aa-rwlt-coding-agent-011	28	37621	37098	37097	71.628	161.644	90.016	2.113	2.577	9.147	3.371	65.484	6.570	0.485	1.148	0.788	3.257	-4.924		
aa-rwlt-coding-agent-011	29	38517	37624	37623	76.391	149.582	73.191	1.788	2.510	8.795	3.214	65.871	5.745	0.497	0.407	0.112	-12.260	-3.488		
aa-rwlt-coding-agent-011	30	38712	38520	38519	68.655	151.812	83.157	1.727	2.393	8.953	3.277	66.776	5.654	0.376	1.832	1.031	-3.780	-5.082		
aa-rwlt-coding-agent-011	31	39069	38715	38714	75.891	167.580	91.689	1.846	2.501	8.904	3.324	70.720	6.117	0.378	0.730	-7.632	9.792	-4.991		
aa-rwlt-coding-agent-011	32	40019	39072	39071	79.764	173.668	93.904	1.815	2.357	9.132	3.233	72.284	5.725	0.370	1.290	-0.217	3.375	-5.460		
aa-rwlt-coding-agent-011	33	40687	40022	40021	84.927	174.081	89.154	2.243	2.525	9.350	3.360	75.903	5.745	0.491	0.453	-0.366	-6.842	-3.708		
aa-rwlt-coding-agent-011	34	41360	40690	40689	79.378	189.530	110.152	1.960	2.447	9.393	3.497	78.768	6.116	0.485	0.846	0.595	11.292	-5.247		
aa-rwlt-coding-agent-011	35	42434	41364	41362	95.042	170.718	75.676	2.038	2.039	9.385	3.459	81.582	6.789	0.381	0.359	0.123	-24.788	-5.691		
aa-rwlt-coding-agent-011	36	42830	42437	42436	71.619	173.528	101.909	2.077	2.795	9.597	3.542	82.115	5.698	0.550	-0.167	0.262	-0.192	-4.368		
aa-rwlt-coding-agent-011	37	43070	42837	42832	74.558	173.485	98.927	2.025	2.454	9.699	3.556	82.529	5.740	0.483	0.076	0.248	-3.786	-4.097		
aa-rwlt-coding-agent-011	38	43275	43074	43072	71.903	176.253	104.350	2.085	2.443	9.687	3.518	84.541	6.229	0.495	0.543	-0.178	0.774	-5.787		
aa-rwlt-coding-agent-011	39	43739	43279	43277	73.987	191.896	117.909	2.256	2.646	10.029	3.856	88.805	5.784	0.493	1.197	0.609	7.394	-5.160		
aa-rwlt-coding-agent-011	40	44291	43742	43741	81.884	182.153	100.269	2.116	3.038	9.737	3.587	88.536	5.738	0.484	0.802	0.289	-10.317	-3.741		
aa-rwlt-coding-agent-011	41	44622	44300	44293	73.187	193.277	120.090	2.194	2.537	9.938	3.718	91.537	5.744	0.483	0.666	0.087	7.294	-4.108		
aa-rwlt-coding-agent-011	42	45063	44625	44624	88.218	198.732	110.514	2.121	2.493	10.132	3.707	93.655	5.731	0.506	-0.073	-0.005	-2.311	-5.442		
aa-rwlt-coding-agent-011	43	45729	45066	45065	86.592	189.072	102.480	2.216	2.484	10.028	3.834	93.992	5.717	0.548	0.116	-0.048	-12.855	-3.552		
aa-rwlt-coding-agent-011	44	45902	45733	45731	75.610	211.238	135.628	2.338	2.630	10.409	3.842	97.687	5.821	0.536	0.516	-0.317	16.793	-4.627		
aa-rwlt-coding-agent-011	45	46664	45905	45904	89.137	208.432	119.295	2.209	2.538	10.357	3.800	99.358	5.898	0.484	0.560	0.174	-1.218	-4.865		
aa-rwlt-coding-agent-011	46	47357	46669	46666	89.932	198.235	108.303	2.257	2.428	10.603	3.882	101.340	5.787	0.483	-0.105	-0.037	-13.431	-4.904		
aa-rwlt-coding-agent-011	47	47651	47360	47359	77.153	203.269	126.116	2.254	2.489	10.539	3.953	102.466	6.213	0.484	0.334	0.416	1.391	-4.423		
aa-rwlt-coding-agent-011	48	47894	47654	47653	78.593	203.700	125.107	2.337	2.525	10.504	4.073	104.246	6.090	0.494	0.313	0.458	-1.213	-4.720		
aa-rwlt-coding-agent-011	49	48168	47901	47896	80.042	208.938	128.896	2.393	2.561	10.672	3.961	106.081	6.093	0.486	0.303	1.347	0.796	-5.797		
aa-rwlt-coding-agent-011	50	48557	48173	48170	90.851	209.371	118.520	2.461	2.582	10.869	4.046	106.994	6.130	0.503	0.445	1.248	-12.124	-4.634		
aa-rwlt-coding-agent-011	51	48825	48562	48559	85.971	208.902	122.931	2.421	2.154	10.614	4.038	107.389	5.779	0.377	0.316	0.092	-5.730	-4.519		
aa-rwlt-coding-agent-011	52	49050	48835	48827	79.028	208.175	129.147	2.397	2.950	10.778	4.114	108.625	5.989	0.482	0.739	0.195	-2.196	-4.926		
aa-rwlt-coding-agent-011	53	49178	49055	49052	85.825	217.035	131.210	2.449	3.304	10.878	4.117	109.923	5.802	0.562	0.081	-5.470	3.744	-4.180		
aa-rwlt-coding-agent-011	54	49425	49182	49180	80.699	212.609	131.910	2.394	2.487	10.829	4.092	109.336	6.388	0.522	1.837	-0.113	-1.382	-4.480		
aa-rwlt-coding-agent-011	55	49584	49428	49427	86.236	209.014	122.778	2.440	2.571	10.924	4.022	109.765	6.051	0.481	0.617	-4.578	-4.534	-4.981		
aa-rwlt-coding-agent-011	56	49584	49583	49585	79.788	246.602	166.814	2.477	2.578	11.155	4.139	115.157	5.795	0.484	0.823	0.200	28.413	-4.407		
aa-rwlt-coding-agent-011	57	50756	49591	49586	109.424	258.120	148.696	2.551	2.519	11.488	4.251	120.116	5.811	0.494	1.251	0.009	4.986	-4.780		
aa-rwlt-coding-agent-011	58	51837	50759	50758	111.065	231.298	120.233	2.552	2.692	11.569	4.475	122.917	6.208	0.495	0.427	0.201	-25.761	-5.542		
aa-rwlt-coding-agent-011	59	52166	51842	51839	87.031	254.158	167.127	2.673	2.556	11.778	4.577	126.845	5.932	0.479	1.970	-0.051	14.626	-4.258		
aa-rwlt-coding-agent-011	60	53113	52174	52168	102.311	243.271	140.960	2.953	2.631	12.232	4.494	128.290	6.311	0.374	-0.397	0.354	-11.231	-5.051		
aa-rwlt-coding-agent-011	61	53463	53120	53115	94.056	257.350	163.294	2.760	2.696	12.009	4.472	131.736	5.879	0.368	0.353	-0.874	8.301	-4.406		
aa-rwlt-coding-agent-011	62	54230	53466	53465	102.968	103.386	0.418	0.566	2.227	3.389	1.036	9.629	5.529	0.365	-37.539	-10.342	31.305	-5.747		
aa-rwlt-coding-agent-051	0	9561	2109	2110	86.439	155.207	68.768	0.796	2.095	4.794	1.498	18.212	5.508	0.355	3.970	1.643	34.651	-4.754		
aa-rwlt-coding-agent-051	1	17872	9564	9564	129.077	70.562	-58.515	0.867	2.671	4.903	1.595	17.053	5.639	0.505	0.343	0.394	-88.623	-3.862		
aa-rwlt-coding-agent-051	2	18248	17875	17875	41.843	78.338	36.495	0.892	2.178	4.996	1.676	16.748	5.982	0.377	0.679	0.348	8.240	-5.621		
aa-rwlt-coding-agent-051	3	19058	18253	18251	45.872	84.860	38.988	0.865	2.033	5.187	1.695	18.952	5.760	0.391	0.790	0.293	8.087	-5.065		
aa-rwlt-coding-agent-051	4	20372	19061	19061	54.803	76.815	22.012	0.930	2.682	5.348	1.766	19.232	5.626	0.618	0.369	0.118	-9.908	-4.769		
aa-rwlt-coding-agent-051	5	20921	20375	20375	45.759	77.536	31.777	0.927	2.109	5.444	1.775	19.919	5.598	0.386	0.122	0.436	0.014	-4.953		
aa-rwlt-coding-agent-051	6	21454	20926	20924	49.522	194.659	145.137	1.043	2.486	6.993	2.312	35.309	6.097	0.507	3.137	1.918	89.984	-4.649		
aa-rwlt-coding-agent-051	7	28412	21457	21457	146.558	121.359	-25.199	1.179	2.201	7.160	2.386	37.865	5.728	0.420	0.841	0.750	-78.894	-4.835		
aa-rwlt-coding-agent-051	8	29702	28415	28415	68.423	110.684	42.261	1.237	2.219	7.274	2.644	38.959	5.691	0.508	0.335	0.552	-12.297	-4.861		
aa-rwlt-coding-agent-051	9	30235	29705	29705	57.148	106.277	49.129	1.081	2.935	7.263	2.461	38.968	5.627	0.488	0.161	0.069	-5.874	-4.050		
aa-rwlt-coding-agent-051	10	30442	30238	30238	52.991	107.018	54.027	1.252	2.050	7.379	2.555	39.976	6.032	0.486	0.238	-0.027	-1.382	-4.532		
aa-rwlt-coding-agent-051	11	30823	30447	30445	54.358	109.210	54.852	1.319	2.558	7.350	2.552	40.646	5.686	0.488	0.129	0.112	-1.322	-4.666		
aa-rwlt-coding-agent-051	12	31224	30826	30826	55.396	132.357	76.961	1.599	2.185	7.603	2.676	44.582	5.712	0.480	0.675	0.937	14.951	-4.439		
aa-rwlt-coding-agent-051	13	32326	31238	31227	71.368	161.189	89.821	1.480	2.934	8.175	3.010	50.843	5.733	0.373	1.132	1.016	18.690	-3.565		
aa-rwlt-coding-agent-051	14	33966	32329	32329	87.841	203.485	115.644	1.512	2.231	8.727	2.948	62.580	5.743	0.370	1.965	0.888	33.266	-4.586		
aa-rwlt-coding-agent-051	15	37550	33969	33969	134.266	140.409	6.143	1.739	2.415	8.650	3.090	62.546	5.914	0.604	0.410	-1.093	-73.912	-4.220		
aa-rwlt-coding-agent-051	16	37865	37553	37553	59.784	212.024	152.240	1.697	2.607	9.217	3.254	74.357	5.800	0.374	1.588	0.857	57.276	-4.787		
aa-rwlt-coding-agent-051	17	40847	37868	37868	120.500	159.228	38.728	1.505	2.489	9.311	3.324	74.939	6.296	0.477	0.485	0.274	-55.993	-4.379		
aa-rwlt-coding-agent-051	18	41231	40850	40850	71.088	217.985	146.897	1.836	2.467	9.855	3.556	85.493	5.839	0.374	1.189	1.078	40.024	-4.814		
aa-rwlt-coding-agent-051	19	43644	41234	41234	114.064	169.403	55.339	1.528	2.552	9.801	3.568	85.381	6.045	0.483	0.468	-0.281	-49.926	-4.280		
aa-rwlt-coding-agent-051	20	43771	43650	43647	68.715	173.905	105.190	1.642	2.013	9.696	3.443	86.972	6.124	0.484	0.282	0.641	-0.831	-5.276		
aa-rwlt-coding-agent-051	21	44171	43782	43774	68.233	193.246	125.013	1.871	2.844	10.038	3.475	91.825	5.995	0.477	0.332	0.403	11.964	-4.211		
aa-rwlt-coding-agent-051	22	45139	44182	44174	90.912	173.860	82.948	1.706	2.604	10.039	3.464	90.601	5.810	0.503	-0.131	-0.962	-26.059	-4.627		
aa-rwlt-coding-agent-051	23	45228	45144	45142	67.738	179.545	111.807	1.734	2.490	10.046	3.505	92.313	6.405	0.378	-0.199	-0.044	1.094	-5.915		
aa-rwlt-coding-agent-051	24	45380	45231	45231	68.048	178.849	110.801	1.734	2.418	10.075	3.628	92.863	6.453	0.494	-0.271	0.075	-2.276	-4.392		
aa-rwlt-coding-agent-051	25	45436	45383	45383	68.187	181.897	113.710	1.801	2.917	10.100	3.522	93.041	6.236	0.481	-0.034	0.041	0.717	-5.112		
aa-rwlt-coding-agent-051	26	45653	45442	45439	69.105	180.600	111.495	1.700	1.849	10.072	3.627	93.514	6.507	0.490	-0.485	0.151	-1.700	-4.230		
aa-rwlt-coding-agent-051	27	45744	45656	45656	68.192	266.691	198.499	2.074	2.713	11.083	4.097	108.048	5.817	0.531	1.812	0.893	65.861	-4.430		
aa-rwlt-coding-agent-051	28	48746	45747	45747	136.716	198.856	62.140	1.752	2.575	10.799	3.983	107.420	6.357	0.543	0.109	-0.065	-67.153	-4.180		
aa-rwlt-coding-agent-051	29	48814	48749	48749	72.242	205.379	133.137	1.857	2.386	10.722	3.851	109.060	6.042	0.547	0.295	0.001	3.433	-5.057		
aa-rwlt-coding-agent-051	30	49312	48817	48817	77.659	210.952	133.293	1.908	2.430	10.882	3.924	110.968	5.779	0.485	0.248	-0.148	2.512	-5.695		
aa-rwlt-coding-agent-051	31	49749	49315	49315	76.412	223.252	146.840	1.944	2.448	10.978	4.442	114.211	5.816	0.485	0.375	0.164	9.855	-3.878		
aa-rwlt-coding-agent-051	32	50432	49752	49752	94.198	225.400	131.202	1.995	2.445	11.038	4.078	116.352	6.606	0.496	0.059	-0.545	-6.095	-5.227		
aa-rwlt-coding-agent-051	33	50969	50435	50435	87.695	227.680	139.985	2.042	2.451	11.250	3.980	118.820	5.799	0.487	0.370	-0.013	-0.262	-4.939		
aa-rwlt-coding-agent-051	34	51533	50972	50972	89.594	305.774	216.180	2.085	2.463	11.757	4.213	132.540	6.013	0.488	0.822	0.884	59.335	-4.420		
aa-rwlt-coding-agent-051	35	54397	51536	51536	151.011	231.082	80.071	2.110	2.141	11.601	4.394	132.549	6.903	0.478	-0.081	0.336	-75.135	-5.225		
aa-rwlt-coding-agent-051	36	54466	54400	54400	78.575	250.683	172.108	2.079	2.183	11.994	4.478	135.368	5.863	0.552	0.239	0.152	14.708	-5.508		
aa-rwlt-coding-agent-051	37	55077	54469	54469	101.080	262.722	161.642	2.136	3.136	11.975	4.451	140.191	6.205	0.489	1.703	-0.059	-4.423	-4.162		
aa-rwlt-coding-agent-051	38	56003	55080	55080	98.791	365.089	266.298	2.248	2.702	12.816	4.854	159.727	5.906	0.480	1.755	0.642	80.192	-5.024		
aa-rwlt-coding-agent-051	39	59362	56006	56006	184.129	271.452	87.323	2.483	2.705	12.945	4.941	161.318	6.032	0.496	-0.277	0.318	-100.531	-3.107		
aa-rwlt-coding-agent-051	40	59488	59369	59365	84.049	291.081	207.032	2.301	2.121	12.799	5.095	164.981	6.302	0.485	0.351	0.178	17.899	-5.480		
aa-rwlt-coding-agent-051	41	60242	59491	59491	103.020	277.958	174.938	2.305	3.183	13.093	4.654	165.873	6.151	0.500	0.432	-0.401	-16.840	-4.012		
aa-rwlt-coding-agent-051	42	60414	60245	60245	85.000	282.479	197.479	2.292	2.646	12.769	4.699	166.487	5.911	0.488	0.117	0.106	6.765	-4.801		
aa-rwlt-coding-agent-051	43	60676	60417	60417	87.724	273.689	185.965	2.305	2.516	12.717	4.647	166.739	5.948	0.569	0.124	-0.122	-4.725	-4.753		
aa-rwlt-coding-agent-051	44	60748	60680	60679	83.616	275.706	192.090	2.286	2.891	12.898	4.759	166.989	5.937	0.487	0.122	-0.439	0.773	-4.613		
aa-rwlt-coding-agent-051	45	60874	60752	60751	86.043	276.779	190.736	2.364	2.489	12.740	4.808	167.596	5.940	0.519	-0.006	-0.196	-1.774	-3.744		
aa-rwlt-coding-agent-051	46	60961	60877	60877	85.989	114.398	28.409	0.548	2.106	3.345	1.063	10.146	5.409	0.487	-35.258	-11.941	58.268	-5.764		
aa-rwlt-coding-agent-056	0	9572	0	0	322.878	287.317	-35.561	0.829	105.718	4.546	1.350	18.537	5.570	0.545	-100.148	-0.987	-61.129	-10.392		
aa-rwlt-coding-agent-056	1	9885	9575	9576	151.012	318.437	167.425	0.744	129.947	3.843	1.341	11.943	5.618	0.498	0.228	0.205	-3.599	16.657		
aa-rwlt-coding-agent-056	2	9940	9888	9889	162.140	314.858	152.718	0.785	103.355	4.299	1.668	26.260	6.480	0.501	2.006	1.545	28.048	-22.229		
aa-rwlt-coding-agent-056	3	13397	9943	9944	178.376	131.830	-46.546	0.933	2.422	4.923	1.748	34.927	5.795	0.482	1.758	1.293	4.451	-105.278		
aa-rwlt-coding-agent-056	4	16591	13400	13401	86.771	454.583	367.812	1.127	3.082	7.791	3.136	168.109	6.425	0.503	6.927	4.642	171.289	-5.219		
aa-rwlt-coding-agent-056	5	32109	16594	16595	269.497	138.327	-131.170	1.416	2.250	7.584	2.622	57.059	5.964	0.487	0.306	0.083	-204.298	-4.643		
aa-rwlt-coding-agent-056	6	32589	32112	32113	70.851	224.302	153.451	1.370	2.447	8.111	2.648	95.315	5.990	0.488	0.966	0.766	40.639	-5.289		
aa-rwlt-coding-agent-056	7	35646	32592	32593	114.322	873.335	759.013	1.476	2.170	12.016	4.014	406.399	6.082	0.477	6.889	5.006	319.461	-4.977		
aa-rwlt-coding-agent-056	8	54128	35649	35650	441.682	490.524	48.842	1.518	2.717	11.574	3.813	372.429	6.706	0.488	-0.113	1.961	-347.143	-5.108		
aa-rwlt-coding-agent-056	9	54803	54131	54132	97.037	467.792	370.755	1.389	2.244	11.449	4.057	372.693	6.003	0.535	0.297	0.076	-22.697	-5.291		
aa-rwlt-coding-agent-056	10	54870	54806	54807	76.514	470.082	393.568	1.419	2.856	11.362	3.802	373.731	6.225	0.545	-0.156	0.352	-0.266	-6.302		
aa-rwlt-coding-agent-056	11	54962	54874	54874	76.057	445.169	369.112	1.493	2.094	11.957	4.110	341.425	5.882	0.521	-0.129	0.837	4.539	-3.617		
aa-rwlt-coding-agent-056	12	55231	54965	54966	82.996	448.078	365.082	1.479	2.971	11.564	3.850	341.523	6.073	0.535	-0.406	0.661	2.501	-5.669		
aa-rwlt-coding-agent-056	13	55433	55234	55235	83.875	411.248	327.373	1.453	2.149	11.829	3.854	310.807	5.820	0.468	-0.265	0.525	-4.275	-4.992		
aa-rwlt-coding-agent-056	14	55839	55437	55437	80.884	381.267	300.383	1.861	2.125	11.718	3.948	277.360	6.119	0.471	0.417	0.475	0.664	-4.775		
aa-rwlt-coding-agent-056	15	56084	55842	55843	79.905	408.188	328.283	1.726	5.460	12.022	4.244	265.822	6.183	0.364	0.921	0.708	31.897	-1.064		
aa-rwlt-coding-agent-056	16	57110	56089	56088	99.857	337.949	238.092	1.524	2.588	11.985	4.493	236.424	6.254	0.363	0.545	0.347	-20.311	-6.120		
aa-rwlt-coding-agent-056	17	57613	57113	57114	79.605	425.782	346.177	1.591	2.471	12.635	4.290	258.496	6.010	0.476	1.217	1.210	62.867	-5.086		
aa-rwlt-coding-agent-056	18	60098	57616	57617	148.169	329.170	181.001	1.650	2.545	12.510	4.261	221.043	5.934	0.377	-0.036	0.578	-60.949	-6.912		
aa-rwlt-coding-agent-056	19	60221	60104	60102	86.168	298.592	212.424	1.648	2.570	12.489	4.188	187.160	6.971	0.366	-0.083	0.562	1.821	-5.268		
aa-rwlt-coding-agent-056	20	60389	60224	60225	86.796	288.139	201.343	1.631	2.734	12.565	4.156	189.686	5.823	0.382	0.053	0.307	-12.251	-3.743		
aa-rwlt-coding-agent-056	21	60460	60392	60393	81.634	288.916	207.282	1.674	2.694	12.488	4.280	191.026	5.912	0.379	0.938	0.384	-7.310	-5.183		
aa-rwlt-coding-agent-056	22	60549	60466	60464	76.766	345.225	268.459	1.813	2.658	12.744	4.337	200.139	6.196	0.386	1.551	0.282	44.780	-6.427		
aa-rwlt-coding-agent-056	23	61851	60552	60553	120.288	307.101	186.813	1.873	2.640	13.035	4.546	191.658	5.898	0.402	1.344	0.680	-31.917	-3.346		
aa-rwlt-coding-agent-056	24	62073	61855	61855	87.161	301.891	214.730	1.956	2.664	13.096	4.456	194.996	6.115	0.487	0.217	0.831	-4.406	-5.682		
aa-rwlt-coding-agent-056	25	62284	62076	62077	89.860	312.443	222.583	1.917	2.565	13.262	4.435	195.813	5.848	0.397	-0.571	-0.231	3.145	-3.997		
aa-rwlt-coding-agent-056	26	62585	62288	62288	88.773	361.396	272.623	1.904	2.649	13.201	4.710	222.205	5.862	0.462	0.313	0.301	26.100	-5.084		
aa-rwlt-coding-agent-056	27	63646	62588	62589	121.096	342.569	221.473	1.929	3.072	13.253	4.571	226.957	5.986	0.368	-0.009	0.561	-31.512	-3.703		
aa-rwlt-coding-agent-056	28	63975	63649	63650	91.181	306.675	215.494	1.952	2.583	13.214	4.518	192.322	5.830	0.388	-0.183	0.549	-0.756	-4.923		
aa-rwlt-coding-agent-056	29	64114	63981	63979	91.137	386.322	295.185	1.993	2.666	13.423	4.642	230.078	5.996	0.466	0.392	0.744	38.526	-3.741		
aa-rwlt-coding-agent-056	30	65595	64117	64118	139.023	341.999	202.976	2.535	2.959	13.751	4.981	224.531	6.027	0.507	1.126	2.323	-46.481	-9.283		
aa-rwlt-coding-agent-056	31	66002	65598	65599	90.502	327.061	236.559	2.175	2.697	13.646	4.677	210.667	5.852	0.361	0.588	-1.203	2.608	-5.509		
aa-rwlt-coding-agent-056	32	66227	66005	66006	86.539	328.480	241.941	2.027	2.636	13.697	4.778	215.543	6.032	0.492	0.724	0.690	-0.906	-3.772		
aa-rwlt-coding-agent-056	33	66323	66232	66231	88.695	375.262	286.567	2.104	2.221	13.796	4.852	234.473	7.085	0.609	1.133	0.689	23.981	-4.376		
aa-rwlt-coding-agent-056	34	67147	66333	66327	119.445	395.983	276.538	2.247	2.769	13.983	4.800	244.907	6.098	0.368	2.620	0.789	2.637	-4.680		
aa-rwlt-coding-agent-056	35	68253	67150	67151	124.035	355.831	231.796	2.086	2.658	13.986	4.992	235.280	6.412	0.362	0.699	-0.590	-28.643	-5.446		
aa-rwlt-coding-agent-056	36	68643	68256	68257	95.638	403.785	308.147	2.152	2.732	14.055	5.126	253.625	5.965	0.462	0.487	0.943	26.929	-4.329		
aa-rwlt-coding-agent-056	37	69713	68646	68647	123.627	382.256	258.629	2.163	2.571	14.185	5.016	241.771	6.944	0.632	0.542	0.533	-12.304	-3.424		
aa-rwlt-coding-agent-056	38	70416	69716	69717	117.717	474.639	356.922	2.236	2.790	14.776	5.120	296.985	7.247	0.538	1.122	0.892	31.042	-5.826		
aa-rwlt-coding-agent-056	39	72144	70422	70420	148.199	576.813	428.614	2.392	2.348	15.156	5.300	373.662	6.045	0.467	1.485	0.850	25.952	-5.043		
aa-rwlt-coding-agent-056	40	74847	72147	72148	177.578	424.695	247.117	2.345	3.184	15.149	5.313	299.175	6.223	0.357	0.996	-0.003	-80.839	-4.783		
aa-rwlt-coding-agent-056	41	75142	74850	74851	99.557	399.393	299.836	2.376	2.363	15.237	5.242	270.082	6.912	0.537	-0.705	-0.095	2.330	-4.443		
aa-rwlt-coding-agent-056	42	75339	75146	75146	96.797	441.185	344.388	2.461	3.382	15.821	5.581	288.639	6.610	0.477	0.811	1.286	23.917	-4.597		
aa-rwlt-coding-agent-056	43	75963	75342	75343	124.382	400.787	276.405	2.403	2.540	15.463	5.459	273.504	6.487	0.526	-0.569	0.172	-25.012	-4.568		
aa-rwlt-coding-agent-056	44	76046	75966	75967	102.790	400.609	297.819	2.459	2.743	15.606	5.287	275.580	7.271	0.530	0.015	-3.138	-3.552	-4.982		
aa-rwlt-coding-agent-056	45	76134	76049	76050	96.557	444.265	347.708	2.436	2.678	15.432	5.522	290.339	6.433	0.470	0.448	0.581	28.053	-4.684		
aa-rwlt-coding-agent-056	46	76674	76139	76138	127.302	417.098	289.796	2.467	2.642	15.408	5.717	290.833	6.022	0.472	0.664	0.173	-30.020	-4.582		
aa-rwlt-coding-agent-056	47	76786	76677	76678	102.396	436.792	334.396	2.476	2.854	15.703	5.592	302.272	6.072	0.525	-0.573	0.441	3.547	-4.513		
aa-rwlt-coding-agent-056	48	77071	76789	76790	107.243	415.574	308.331	2.514	2.340	15.629	5.723	287.476	6.732	0.477	0.027	0.293	-7.868	-5.012		
aa-rwlt-coding-agent-056	49	77192	77074	77075	105.464	423.384	317.920	2.497	3.276	15.587	5.568	294.157	6.206	0.350	0.209	-4.742	-0.806	-4.382		
aa-rwlt-coding-agent-056	50	77317	77195	77196	103.357	447.943	344.586	2.458	2.756	15.650	5.536	305.697	6.636	0.470	0.976	0.293	8.924	-4.810		
aa-rwlt-coding-agent-056	51	77747	77320	77321	117.906	442.520	324.614	2.528	2.796	15.671	5.438	307.513	6.294	0.508	0.114	0.262	-13.305	-3.205		
aa-rwlt-coding-agent-056	52	77928	77750	77751	106.104	430.319	324.215	2.543	2.808	15.713	5.959	297.136	6.069	0.480	0.316	0.234	-1.251	-5.792		
aa-rwlt-coding-agent-056	53	78222	77931	77932	108.665	433.698	325.033	2.686	2.877	15.852	5.677	300.558	6.863	0.585	0.113	0.449	-6.141	-4.486		
aa-rwlt-coding-agent-056	54	78344	78225	78226	103.296	442.699	339.403	2.583	2.828	15.579	5.674	306.379	6.514	0.464	0.344	-0.083	3.152	-4.031		
aa-rwlt-coding-agent-056	55	78503	78351	78348	116.647	450.969	334.322	2.597	3.384	15.905	5.878	301.150	6.295	0.475	1.046	0.562	1.337	-4.307		
aa-rwlt-coding-agent-056	56	78866	78506	78507	120.170	502.471	382.301	2.748	2.941	16.271	6.157	328.644	6.379	0.540	1.091	11.524	11.249	-5.243		
aa-rwlt-coding-agent-056	57	79842	78870	78870	128.916	515.649	386.733	2.745	2.906	16.480	6.213	343.496	6.662	0.542	2.408	11.343	-0.470	-5.592		
aa-rwlt-coding-agent-056	58	80817	79851	79846	130.229	528.802	398.573	3.098	3.128	16.507	6.020	349.858	6.974	0.504	1.118	11.449	4.681	-4.764		
aa-rwlt-coding-agent-056	59	81600	80820	80821	135.260	496.112	360.852	2.744	2.892	16.655	6.094	348.820	6.259	0.466	0.948	10.245	-30.086	-4.185		
aa-rwlt-coding-agent-056	60	81683	81605	81604	111.228	141.541	30.313	0.683	2.411	3.898	1.231	21.329	5.523	0.464	-44.719	-14.732	59.806	-5.581		
aa-rwlt-coding-agent-073	0	9944	2028	2028	98.653	52.044	-46.609	0.620	1.938	3.408	1.082	9.368	5.553	0.490	0.433	-0.010	-64.844	-4.647		
aa-rwlt-coding-agent-073	1	10365	9944	9944	35.974	74.696	38.722	0.642	2.394	3.792	1.269	10.100	5.531	0.524	0.998	0.416	17.758	-4.702		
aa-rwlt-coding-agent-073	2	12288	9949	9944	55.747	67.215	11.468	0.656	2.163	4.056	1.315	11.101	5.484	0.371	0.504	0.233	-10.098	-4.317		
aa-rwlt-coding-agent-073	3	13603	12291	12288	46.255	73.979	27.724	1.201	2.189	4.294	1.392	12.214	5.529	0.488	0.600	0.344	4.208	-4.735		
aa-rwlt-coding-agent-073	4	14656	13606	13603	50.930	61.783	10.853	0.954	2.294	4.322	1.397	12.822	5.561	0.482	-0.015	0.147	-12.501	-4.610		
aa-rwlt-coding-agent-073	5	15125	14659	14656	40.812	105.637	64.825	0.763	2.499	4.367	1.469	12.908	5.873	0.529	0.255	-0.232	40.509	-4.115		
aa-rwlt-coding-agent-073	6	15089	10368	10365	82.824	86.184	3.360	0.829	1.986	4.560	1.536	13.738	8.970	0.480	1.393	0.295	-22.061	-8.366		
aa-rwlt-coding-agent-073	7	16666	15128	15125	62.421	66.666	4.245	0.914	2.318	4.636	1.672	13.774	5.915	0.386	0.011	-0.096	-20.939	-4.346		
aa-rwlt-coding-agent-073	8	16821	16669	16666	42.343	65.826	23.483	0.974	2.198	4.714	1.577	13.709	5.545	0.501	0.001	-0.149	-0.605	-4.982		
aa-rwlt-coding-agent-073	9	17001	16824	16821	44.429	65.675	21.246	0.961	2.380	4.666	1.616	13.332	5.488	0.489	-0.004	0.076	-2.298	-5.460		
aa-rwlt-coding-agent-073	10	17096	17004	17001	43.921	70.324	26.403	0.970	2.111	4.820	1.637	14.467	5.559	0.544	0.190	-0.208	0.989	-4.676		
aa-rwlt-coding-agent-073	11	17717	17099	17096	46.123	70.881	24.758	1.031	2.098	4.875	1.722	15.383	5.549	0.494	-0.032	0.146	-1.942	-4.566		
aa-rwlt-coding-agent-073	12	18091	17720	17717	46.172	70.290	24.118	1.017	2.158	4.940	1.743	15.267	5.575	0.479	-0.200	0.042	-2.017	-4.886		
aa-rwlt-coding-agent-073	13	18282	18096	18091	51.706	77.086	25.380	1.071	2.675	5.134	1.789	16.191	5.553	0.484	0.138	0.069	-3.127	-4.597		
aa-rwlt-coding-agent-073	14	18974	18285	18282	48.897	88.738	39.841	1.099	2.145	5.393	1.857	18.465	5.814	0.574	0.568	0.325	8.552	-4.951		
aa-rwlt-coding-agent-073	15	20205	18977	18974	58.486	78.683	20.197	1.136	2.534	5.468	1.956	18.943	5.419	0.521	0.066	0.046	-11.719	-4.173		
aa-rwlt-coding-agent-073	16	20517	20208	20205	50.284	81.001	30.717	1.244	2.311	5.559	1.976	19.350	5.572	0.484	0.189	0.283	-0.771	-5.480		
aa-rwlt-coding-agent-073	17	20622	20520	20517	50.083	79.611	29.528	1.181	2.461	5.508	2.014	19.372	5.713	0.488	0.209	0.201	-3.511	-4.108		
aa-rwlt-coding-agent-073	18	20694	20625	20622	49.380	82.144	32.764	1.229	2.567	5.623	1.965	19.601	5.607	0.504	-0.004	0.295	0.431	-5.054		
aa-rwlt-coding-agent-073	19	21054	20697	20694	50.264	88.906	38.642	1.229	3.356	5.564	2.026	19.560	5.856	0.485	0.205	0.178	3.201	-3.018		
aa-rwlt-coding-agent-073	20	21131	21057	21054	50.535	99.491	48.956	1.327	2.145	5.871	2.182	21.999	5.661	0.491	-0.091	0.648	13.664	-4.941		
aa-rwlt-coding-agent-073	21	22453	21134	21131	64.003	88.741	24.738	1.595	2.573	5.997	2.191	23.010	6.446	0.353	0.388	0.478	-13.156	-5.137		
aa-rwlt-coding-agent-073	22	22918	22456	22453	53.157	110.033	56.876	1.641	2.520	6.455	2.285	25.714	5.670	0.404	1.021	0.173	14.984	-3.991		
aa-rwlt-coding-agent-073	23	24415	22921	22918	69.555	93.269	23.714	1.329	2.585	6.215	2.384	25.701	5.607	0.494	0.269	-0.239	-15.320	-5.311		
aa-rwlt-coding-agent-073	24	24715	24419	24415	54.377	120.204	65.827	1.347	2.531	6.751	2.571	28.859	6.084	0.558	0.976	0.497	20.509	-4.856		
aa-rwlt-coding-agent-073	25	26106	24719	24715	76.878	261.486	184.608	1.869	2.653	7.061	2.525	33.335	5.703	0.478	0.514	0.477	135.419	-5.426		
aa-rwlt-coding-agent-073	26	27411	15092	15089	215.728	112.574	-103.154	1.586	2.563	7.147	2.759	34.164	5.738	0.502	0.817	0.483	-154.758	-4.155		
aa-rwlt-coding-agent-073	27	28000	27414	27411	62.945	167.680	104.735	1.655	2.719	7.353	2.735	42.585	5.677	0.495	1.888	0.341	44.620	-5.333		
aa-rwlt-coding-agent-073	28	31161	28003	28000	110.341	215.309	104.968	1.647	2.435	7.830	2.841	53.103	5.752	0.489	0.796	0.034	34.089	-4.048		
aa-rwlt-coding-agent-073	29	31561	26109	26106	146.156	141.703	-4.453	1.645	2.588	7.798	2.824	45.342	5.682	0.572	1.634	0.055	-67.121	-5.472		
aa-rwlt-coding-agent-073	30	32395	31164	31161	79.286	152.157	72.871	1.700	2.503	7.853	3.122	46.324	6.517	0.506	1.578	-0.014	2.912	-0.130		
aa-rwlt-coding-agent-073	31	32685	31564	31561	83.085	130.351	47.266	1.711	2.575	8.013	2.933	47.042	6.510	0.488	1.413	-0.122	-18.365	-4.932		
aa-rwlt-coding-agent-073	32	32785	32688	32685	64.695	128.839	64.144	1.702	3.145	8.087	2.942	47.845	6.514	0.493	-0.337	0.230	-2.297	-4.180		
aa-rwlt-coding-agent-073	33	33032	32795	32785	64.143	129.416	65.273	1.760	2.450	7.934	2.988	48.606	5.564	0.498	-0.808	0.033	1.158	-4.910		
aa-rwlt-coding-agent-073	34	33304	33035	33032	66.444	129.163	62.719	1.778	2.314	7.920	2.951	48.227	7.920	0.484	-1.180	-0.076	-2.076	-5.543		
aa-rwlt-coding-agent-073	35	33419	33311	33304	64.277	128.929	64.652	1.778	2.542	7.912	2.958	48.825	6.488	0.510	-0.072	-0.252	-1.020	-5.017		
aa-rwlt-coding-agent-073	36	33533	33422	33419	64.899	127.124	62.225	1.776	2.539	7.957	2.960	48.970	5.761	0.513	0.228	-0.054	-3.176	-5.249		
aa-rwlt-coding-agent-073	37	33622	33536	33533	65.602	133.640	68.038	1.786	2.367	8.209	2.988	50.658	6.069	0.561	0.344	0.128	-0.769	-4.303		
aa-rwlt-coding-agent-073	38	33955	33630	33622	72.944	136.238	63.294	1.965	2.926	8.294	3.164	51.611	5.736	0.555	-1.042	0.318	-6.305	-3.928		
aa-rwlt-coding-agent-073	39	34186	33958	33955	67.119	133.282	66.163	1.871	2.428	8.150	3.088	51.874	6.130	0.517	-0.040	-0.208	-2.943	-4.704		
aa-rwlt-coding-agent-073	40	34345	34189	34186	67.959	136.344	68.385	1.878	2.533	8.235	3.071	53.299	6.706	0.487	-1.156	-0.080	-1.324	-5.264		
aa-rwlt-coding-agent-073	41	34639	34348	34345	66.780	135.277	68.497	1.864	2.351	8.205	3.026	53.407	6.042	0.506	-0.235	-0.278	-1.689	-4.702		
aa-rwlt-coding-agent-073	42	34738	34642	34639	68.848	135.646	66.798	1.799	2.682	8.187	3.112	52.411	5.759	0.516	-0.531	-0.098	-2.139	-4.900		
aa-rwlt-coding-agent-073	43	34908	34742	34738	68.012	138.215	70.203	1.933	2.471	8.324	3.196	54.975	6.078	0.493	-0.053	-0.215	-2.181	-4.818		
aa-rwlt-coding-agent-073	44	35239	34912	34908	69.887	215.722	145.835	1.993	2.529	8.611	3.303	58.760	5.646	0.483	0.418	0.355	68.485	-4.748		
aa-rwlt-coding-agent-073	45	36684	32399	32395	141.928	186.821	44.893	2.044	3.148	8.709	3.363	60.966	6.215	0.495	-0.017	-0.018	-35.180	-4.832		
aa-rwlt-coding-agent-073	46	37142	35242	35239	107.606	149.323	41.717	2.035	2.144	8.720	3.313	60.406	5.761	0.528	-0.334	-0.077	-35.545	-5.234		
aa-rwlt-coding-agent-073	47	37397	37145	37142	74.542	181.114	106.572	2.080	3.037	8.995	3.461	65.146	5.728	0.485	0.708	0.503	21.545	-5.116		
aa-rwlt-coding-agent-073	48	38805	37400	37397	96.207	159.370	63.163	2.129	2.331	9.019	3.489	67.667	5.863	0.497	-1.472	0.130	-21.317	-5.173		
aa-rwlt-coding-agent-073	49	39300	38808	38805	74.392	343.792	269.400	2.268	2.903	10.233	3.802	91.098	6.115	0.470	2.899	1.178	152.384	-3.950		
aa-rwlt-coding-agent-073	50	44903	36688	36684	231.897	312.557	80.660	2.365	2.259	10.347	3.966	94.481	6.472	0.470	0.099	2.232	-37.543	-4.488		
aa-rwlt-coding-agent-073	51	45427	39303	39300	196.668	198.969	2.301	2.382	3.172	11.718	4.149	94.455	6.317	0.469	0.267	0.034	-115.672	-4.990		
aa-rwlt-coding-agent-073	52	45861	45430	45427	80.871	209.657	128.786	2.368	2.608	17.804	4.241	96.377	6.432	0.490	0.754	0.396	0.608	-3.292		
aa-rwlt-coding-agent-073	53	46352	45864	45861	84.853	206.724	121.871	2.380	2.324	15.981	4.244	97.266	6.302	0.483	-1.403	-0.015	-0.960	-4.731		
aa-rwlt-coding-agent-073	54	46606	46356	46352	80.413	199.264	118.851	2.387	2.909	10.407	4.051	98.193	6.492	0.367	0.214	-0.431	-0.982	-4.756		
aa-rwlt-coding-agent-073	55	46763	46613	46606	80.984	229.478	148.494	2.490	2.681	10.524	3.971	102.127	5.748	0.484	0.320	0.140	24.805	-4.796		
aa-rwlt-coding-agent-073	56	47829	46766	46763	108.799	268.855	160.056	2.495	2.305	10.636	4.001	102.754	5.856	0.483	-2.201	0.062	38.546	-4.881		
aa-rwlt-coding-agent-073	57	47902	44909	44903	145.947	226.210	80.263	2.514	2.945	10.850	4.103	106.010	6.176	0.525	0.366	0.456	-49.086	-4.596		
aa-rwlt-coding-agent-073	58	48717	47832	47829	103.488	214.876	111.388	2.607	2.471	11.029	4.146	107.415	5.762	0.487	1.480	-4.470	-14.457	-5.082		
aa-rwlt-coding-agent-073	59	49036	48720	48717	99.272	210.370	111.098	2.570	2.534	10.842	4.102	108.411	5.889	0.486	-2.160	-1.549	-15.497	-4.530		
aa-rwlt-coding-agent-073	60	49135	49039	49036	83.120	215.725	132.605	2.579	2.628	10.934	4.089	109.281	5.762	0.497	0.018	-0.049	2.112	-5.246		
aa-rwlt-coding-agent-073	61	49413	49144	49135	84.876	219.516	134.640	2.641	2.637	10.939	4.227	110.720	5.786	0.485	-0.082	-0.050	2.207	-4.870		
aa-rwlt-coding-agent-073	62	49860	49416	49413	88.651	224.176	135.525	2.646	3.568	11.195	4.396	113.572	6.557	0.493	-0.151	0.028	-2.120	-4.659		
aa-rwlt-coding-agent-073	63	50267	49863	49860	90.167	243.124	152.957	2.783	2.679	11.499	4.491	117.099	6.058	0.534	-1.293	2.264	12.457	-5.614		
aa-rwlt-coding-agent-073	64	51041	50268	50267	101.894	234.546	132.652	2.751	2.758	11.350	4.449	118.883	6.656	0.503	0.286	0.658	-12.148	-3.494		
aa-rwlt-coding-agent-073	65	51502	51044	51041	91.134	231.578	140.444	2.732	2.726	11.323	4.332	120.395	5.813	0.518	0.114	-0.182	-2.771	-4.556		
aa-rwlt-coding-agent-073	66	51759	51506	51502	88.899	234.137	145.238	2.747	2.632	11.400	4.446	120.836	6.590	0.484	-0.303	0.078	1.476	-5.148		
aa-rwlt-coding-agent-073	67	51985	51762	51759	89.013	112.584	23.571	0.636	2.252	3.434	1.086	10.450	5.466	0.386	-40.008	-10.002	54.975	-5.104		
